dest,symbol,name,address,origin,sourceAddress,coingeckoId,logo,serumV3Usdc,serumV3Usdt
sol,AVAX,AVAX (Wormhole),KgV1GvrHQmRBY8sHQQeUKwTm2r2h8t4C8qt12Cw1HVE,avax,0xb31f66aa3c1e785363f0875a1b74e27b85fd66c7,avalanche,https://raw.githubusercontent.com/certusone/wormhole-token-list/main/assets/AVAX_wh.png,E8JQstcwjuqN5kdMyUJLNuaectymnhffkvfg1j286UCr,
sol,JOE,JoeToken (Wormhole),CriXdFS9iRAYbGEQiTcUqbWwG9RBmYt5B6LwTnoJ61Sm,avax,0x6e84a6216ea6dacc71ee8e6b0a5b7322eebc0fdd,joe,https://raw.githubusercontent.com/certusone/wormhole-token-list/main/assets/JOE_wh.png,,
sol,USDCav,USD Coin (Wormhole from Avalanche),AGqKX7F4mqJ8x2mUQVangJb5pWQJApaKoUfe5gXM53CV,avax,0xa7d7079b0fead91f3e65f86e8915cb59c1a4c664,usd-coin,https://raw.githubusercontent.com/certusone/wormhole-token-list/main/assets/USDCav_wh.png,,
sol,USDTav,Tether USD (Wormhole from Avalanche),B2wfeYz5VtBnQVrX4M8F6FeDrprVrzKPws5qg1in8bzR,avax,0xc7198437980c041c805a1edcba50c1ce5db95118,tether,https://raw.githubusercontent.com/certusone/wormhole-token-list/main/assets/USDTav_wh.png,,
sol,BNB,Binance Coin (Wormhole),9gP2kCy3wA1ctvYWQk75guqXuHfrEomqydHLtcTCqiLa,bsc,0xbb4CdB9CBd36B01bD1cBaEBF2De08d9173bc095c,binance-coin,https://raw.githubusercontent.com/certusone/wormhole-token-list/main/assets/BNB_wh.png,4UPUurKveNEJgBqJzqHPyi8DhedvpYsMXi7d43CjAg2f,FjbKNZME5yVSC1R3HJM99kB3yir3q3frS5MteMFD72sV
sol,BUSDbs,Binance USD (Wormhole from BSC),5RpUwQ8wtdPCZHhu6MERp2RGrpobsbZ6MH5dDHkUjs2,bsc,0xe9e7cea3dedca5984780bafc599bd69add087d56,binance-usd,https://raw.githubusercontent.com/certusone/wormhole-token-list/main/assets/BUSDbs_wh.png,,
sol,CAKE,PancakeSwap Token (Wormhole),J8LKx7pr9Zxh9nMhhT7X3EBmj5RzuhFrHKyJAe2F2i9S,bsc,0x0e09fabb73bd3ade0a17ecc321fd13a19e81ce82,pancakeswap,https://raw.githubusercontent.com/certusone/wormhole-token-list/main/assets/CAKE_wh.png,,
sol,USDCbs,USD Coin (Wormhole from BSC),FCqfQSujuPxy6V42UvafBhsysWtEq1vhjfMN1PUbgaxA,bsc,0x8ac76a51cc950d9822d68b83fe1ad97b32cd580d,usd-coin,https://raw.githubusercontent.com/certusone/wormhole-token-list/main/assets/USDCbs_wh.png,,
sol,USDTbs,Tether USD (Wormhole from BSC),8qJSyQprMC57TWKaYEmetUR3UUiTP2M3hXdcvFhkZdmv,bsc,0x55d398326f99059fF775485246999027B3197955,tether,https://raw.githubusercontent.com/certusone/wormhole-token-list/main/assets/USDTbs_wh.png,,
sol,1INCH,1INCH Token (Wormhole),AjkPkq3nsyDe1yKcbyZT7N4aK4Evv9om9tzhQD3wsRC,eth,0x111111111117dC0aa78b770fA6A738034120C302,1inch,https://raw.githubusercontent.com/certusone/wormhole-token-list/main/assets/1INCH_wh.png,EQcNRGwogvYJDizG9Ek1qf6syi5UghkYDcUwgmycawYU,B3UpqhaGZc9yXhELknAAXuAoKzCk4QAoqaiVUffgMQBH
sol,1SOL,1sol.io (Wormhole),4ThReWAbAVZjNVgs5Ui9Pk3cZ5TYaD9u6Y89fp6EFzoF,eth,0x009178997aff09a67d4caccfeb897fb79d036214,1sol,https://raw.githubusercontent.com/certusone/wormhole-token-list/main/assets/1SOL_wh.png,,
sol,AAVE,Aave Token (Wormhole),3vAs4D1WE6Na4tCgt4BApgFfENbm8WY7q4cSPD1yM4Cg,eth,0x7Fc66500c84A76Ad7e9c93437bFc5Ac33E2DDaE9,aave,https://raw.githubusercontent.com/certusone/wormhole-token-list/main/assets/AAVE_wh.png,8WZrmdpLckptiVKd2fPHPjewRVYQGQkjxi9vzRYG1sfs,LghsMERQWQFK3zWMTrUkoyAJARQw2wSmcYZjexeN3zy
sol,AKRO,Akropolis (Wormhole),12uHjozDVgyGWeLqQ8DMCRbig8amW5VmvZu3FdMMdcaG,eth,0x8ab7404063ec4dbcfd4598215992dc3f8ec853d7,akropolis,https://raw.githubusercontent.com/certusone/wormhole-token-list/main/assets/AKRO_wh.png,G3h8NZgJozk9crme2me6sKDJuSQ12mNCtvC9NbSWqGuk,DvbiPxKzuXZPcmUcYDqBz1tvUrXYPsNrRAjSeuwHtmEA
sol,ALEPH,Aleph.im (Wormhole),3UCMiSnkcnkPE1pgQ5ggPCBv6dXgVUy16TmMUe1WpG9x,eth,0x27702a26126e0b3702af63ee09ac4d1a084ef628,aleph-im,https://raw.githubusercontent.com/certusone/wormhole-token-list/main/assets/ALEPH_wh.png,Fw4mvuE7KZmTjQPxP2sRpHwPDfRMWnKBupFZGyW9CAQH,GZeHR8uCTVoHVDZFRVXTgm386DK1EKehy9yMS3BFChcL
sol,ALICE,My Neighbor Alice (Wormhole),9ARQsBfAn65q522cEqSJuse3cLhA31jgWDBGQHeiq7Mg,eth,0xac51066d7bec65dc4589368da368b212745d63e8,my-neighbor-alice,https://raw.githubusercontent.com/certusone/wormhole-token-list/main/assets/ALICE_wh.png,,
sol,AMP,Amp (Wormhole),D559HwgjYGDYsXpmFUKxhFTEwutvS9sya1kXiyCVogCV,eth,0xff20817765cb7f73d4bde2e66e067e58d11095c2,amp,https://raw.githubusercontent.com/certusone/wormhole-token-list/main/assets/AMP_wh.png,,
sol,AMPL,Ampleforth (Wormhole),EHKQvJGu48ydKA4d3RivrkNyTJTkSdoS32UafxSX1yak,eth,0xd46ba6d942050d489dbd938a2c909a5d5039a161,ampleforth,https://raw.githubusercontent.com/certusone/wormhole-token-list/main/assets/AMPL_wh.png,,
sol,ANKR,Ankr (Wormhole),Gq2norJ1kBemBp3mPfkgAUMhMMmnFmY4zEyi26tRcxFB,eth,0x8290333cef9e6d528dd5618fb97a76f268f3edd4,ankr,https://raw.githubusercontent.com/certusone/wormhole-token-list/main/assets/ANKR_wh.png,,
sol,AUDIO,Audius (Wormhole),9LzCMqDgTKYz9Drzqnpgee3SGa89up3a247ypMj2xrqM,eth,0x18aaa7115705e8be94bffebde57af9bfc265b998,audius,https://raw.githubusercontent.com/certusone/wormhole-token-list/main/assets/AUDIO_wh.png,FxquLRmVMPXiS84FFSp8q5fbVExhLkX85yiXucyu7xSC,
sol,AXSet,Axie Infinity Shard (Wormhole from Ethereum),HysWcbHiYY9888pHbaqhwLYZQeZrcQMXKQWRqS7zcPK5,eth,0xbb0e17ef65f82ab018d8edd776e8dd940327b28b,axie-infinity,https://raw.githubusercontent.com/certusone/wormhole-token-list/main/assets/AXSet_wh.png,HZCheduA4nsSuQpVww1TiyKZpXSAitqaXxjBD2ymg22X,
sol,BAT,Basic Attention Token (Wormhole),EPeUFDgHRxs9xxEPVaL6kfGQvCon7jmAWKVUHuux1Tpz,eth,0x0d8775f648430679a709e98d2b0cb6250d2887ef,basic-attention-token,https://raw.githubusercontent.com/certusone/wormhole-token-list/main/assets/BAT_wh.png,,
sol,BNT,Bancor Network Token (Wormhole),EDVVEYW4fPJ6vKw5LZXRGUSPzxoHrv6eWvTqhCr8oShs,eth,0x1f573d6fb3f13d689ff844b4ce37794d79a7ff1c,bancor-network,https://raw.githubusercontent.com/certusone/wormhole-token-list/main/assets/BNT_wh.png,,
sol,BUSDet,Binance USD (Wormhole from Ethereum),33fsBLA8djQm82RpHmE3SuVrPGtZBWNYExsEUeKX1HXX,eth,0x4fabb145d64652a948d72533023f6e7a623c7c53,binance-usd,https://raw.githubusercontent.com/certusone/wormhole-token-list/main/assets/BUSDet_wh.png,,
sol,CEL,Celsius (Wormhole),nRtfwU9G82CSHhHGJNxFhtn7FLvWP2rqvQvje1WtL69,eth,0xaaaebe6fe48e54f431b0c390cfaf0b017d09d42d,celsius-network,https://raw.githubusercontent.com/certusone/wormhole-token-list/main/assets/CEL_wh.png,79ESpYSb2hM14KTRXPZUwDkxUGC5irE2esd1vxdXfnZz,J9ww1yufRNDDbUbDXmew2mW2ozkx7cme7dMvKjMQVHrL
sol,CHZ,Chiliz (Wormhole),5TtSKAamFq88grN1QGrEaZ1AjjyciqnCya1aiMhAgFvG,eth,0x3506424f91fd33084466f402d5d97f05f8e3b4af,chiliz,https://raw.githubusercontent.com/certusone/wormhole-token-list/main/assets/CHZ_wh.png,,
sol,COMP,Compound (Wormhole),AwEauVaTMQRB71WeDnwf1DWSBxaMKjEPuxyLr1uixFom,eth,0xc00e94cb662c3520282e6f5717214004a7f26888,compound,https://raw.githubusercontent.com/certusone/wormhole-token-list/main/assets/COMP_wh.png,CU5L8JC83hyYZdf1phzy6a7X58eTtPjs7mHL3QKCcLfh,9gA6T3HRCMTVTULte5pJsXjMDUGRtygTKLbMny6eRcyM
sol,CREAM,Cream (Wormhole),HihxL2iM6L6P1oqoSeiixdJ3PhPYNxvSKH9A2dDqLVDH,eth,0x2ba592f78db6436527729929aaf6c908497cb200,cream,https://raw.githubusercontent.com/certusone/wormhole-token-list/main/assets/CREAM_wh.png,4pdQ2D4gehMhGu4z9jeQbEPUFbTxB5qcPr3zCynjJGyp,6fspxMfBmYFTGFBDN5MU33A55i2MkGr7eSjBLPCAU6y9
sol,CRO,Crypto.com Coin (Wormhole),DvjMYMVeXgKxaixGKpzQThLoG98nc7HSU7eanzsdCboA,eth,0xa0b73e1ff0b80914ab6fe0444e65848c4c34450b,crypto-com-coin,https://raw.githubusercontent.com/certusone/wormhole-token-list/main/assets/CRO_wh.png,,
sol,CRV,Curve DAO Token (Wormhole),7gjNiPun3AzEazTZoFEjZgcBMeuaXdpjHq2raZTmTrfs,eth,0xd533a949740bb3306d119cc777fa900ba034cd52,curve-dao-token,https://raw.githubusercontent.com/certusone/wormhole-token-list/main/assets/CRV_wh.png,,
sol,CVX,Convex Finance (Wormhole),BLvmrccP4g1B6SpiVvmQrLUDya1nZ4B2D1nm9jzKF7sz,eth,0x4e3fbd56cd56c3e72c1403e103b45db9da5b9d2b,convex-finance,https://raw.githubusercontent.com/certusone/wormhole-token-list/main/assets/CVX_wh.png,,
sol,DAI,DAI (Wormhole),EjmyN6qEC1Tf1JxiG1ae7UTJhUxSwk1TCWNWqxWV4J6o,eth,0x6b175474e89094c44da98b954eedeac495271d0f,dai,https://raw.githubusercontent.com/certusone/wormhole-token-list/main/assets/DAI_wh.png,,
sol,DYDX,dYdX (Wormhole),4Hx6Bj56eGyw8EJrrheM6LBQAvVYRikYCWsALeTrwyRU,eth,0x92d6c1e31e14520e676a687f0a93788b716beff5,dydx,https://raw.githubusercontent.com/certusone/wormhole-token-list/main/assets/DYDX_wh.png,GNmTGd6iQvQApXgsyvHepDpCnvdRPiWzRr8kzFEMMNKN,
sol,ELON,Dogelon Mars (Wormhole),6nKUU36URHkewHg5GGGAgxs6szkE4VTioGUT5txQqJFU,eth,0x761d38e5ddf6ccf6cf7c55759d5210750b5d60f3,dogelon-mars,https://raw.githubusercontent.com/certusone/wormhole-token-list/main/assets/ELON_wh.png,,
sol,ENJ,EnjinCoin (Wormhole),EXExWvT6VyYxEjFzF5BrUxt5GZMPVZnd48y3iWrRefMq,eth,0xf629cbd94d3791c9250152bd8dfbdf380e2a3b9c,enjin,https://raw.githubusercontent.com/certusone/wormhole-token-list/main/assets/ENJ_wh.png,,
sol,ENS,Ethereum Name Service (Wormhole),CLQsDGoGibdNPnVCFp8BAsN2unvyvb41Jd5USYwAnzAg,eth,0xc18360217d8f7ab5e7c516566761ea12ce7f9d72,ethereum-name-service,https://raw.githubusercontent.com/certusone/wormhole-token-list/main/assets/ENS_wh.png,,
sol,ETH,Ether (Wormhole),7vfCXTUXx5WJV5JADk17DUJ4ksgau7utNKj4b963voxs,eth,0xc02aaa39b223fe8d0a0e5c4f27ead9083c756cc2,ether,https://raw.githubusercontent.com/certusone/wormhole-token-list/main/assets/ETH_wh.png,8Gmi2HhZmwQPVdCwzS7CM66MGstMXPcTVHA7jF19cLZz,ch7kmPrtoQUSEPBggcNAvLGiMQkJagVwd3gDYfd8m7Q
sol,FRAX,Frax (Wormhole),FR87nWEUxVgerFGhZM8Y4AggKGLnaXswr1Pd8wZ4kZcp,eth,0x853d955acef822db058eb8505911ed77f175b99e,frax,https://raw.githubusercontent.com/certusone/wormhole-token-list/main/assets/FRAX_wh.png,,
sol,FRONT,Frontier (Wormhole),A9ik2NrpKRRG2snyTjofZQcTuav9yH3mNVHLsLiDQmYt,eth,0xf8c3527cc04340b208c854e985240c02f7b7793f,frontier,https://raw.githubusercontent.com/certusone/wormhole-token-list/main/assets/FRONT_wh.png,B95oZN5HCLGmFAhbzReWBA9cuSGPFQAXeuhm2FfpdrML,DZTYyy1L5Pr6DmTtYY5bEuU9g3LQ4XGvuYiN3zS25yG7
sol,FTMet,Fantom (Wormhole from Ethereum),8gC27rQF4NEDYfyf5aS8ZmQJUum5gufowKGYRRba4ENN,eth,0x4e15361fd6b4bb609fa63c81a2be19d873717870,fantom,https://raw.githubusercontent.com/certusone/wormhole-token-list/main/assets/FTMet_wh.png,,
sol,FTT,FTX Token (Wormhole),EzfgjvkSwthhgHaceR3LnKXUoRkP6NUhfghdaHAj1tUv,eth,0x50d1c9771902476076ecfc8b2a83ad6b9355a4c9,ftx-token,https://raw.githubusercontent.com/certusone/wormhole-token-list/main/assets/FTT_wh.png,2wteg25ch227n4Rh1CN4WNrDZXBpRBpWJ48mEC2K7f4r,BoHojHESAv4McZx9gXd1bWTZMq25JYyGz4qL1m5C3nvk
sol,FXS,Frax Share (Wormhole),6LX8BhMQ4Sy2otmAWj7Y5sKd9YTVVUgfMsBzT6B9W7ct,eth,0x3432b6a60d23ca0dfca7761b7ab56459d9c964d0,frax-share,https://raw.githubusercontent.com/certusone/wormhole-token-list/main/assets/FXS_wh.png,,
sol,GALA,Gala (Wormhole),AuGz22orMknxQHTVGwAu7e3dJikTJKgcjFwMNDikEKmF,eth,0x15d4c048f83bd7e37d49ea4c83a07267ec4203da,gala,https://raw.githubusercontent.com/certusone/wormhole-token-list/main/assets/GALA_wh.png,F7WJsoxTWQRmAwAyFe9APmuVv4HqmhchFtdbR9dvAUDm,
sol,GRT,Graph Token (Wormhole),HGsLG4PnZ28L8A4R5nPqKgZd86zUUdmfnkTRnuFJ5dAX,eth,0xc944E90C64B2c07662A292be6244BDf05Cda44a7,the-graph,https://raw.githubusercontent.com/certusone/wormhole-token-list/main/assets/GRT_wh.png,4PD799gihM2SdM8g7PxfSWgQR8cWGNiuzmNzcL2RgpSu,5bzmeSmiCzeyDQvaSsQhEega7e2jhH39cFCkT4eqSDSx
sol,GT,GateToken (Wormhole),ABAq2R9gSpDDGguQxBk4u13s4ZYW6zbwKVBx15mCMG8,eth,0xe66747a101bff2dba3697199dcce5b743b454759,gatetoken,https://raw.githubusercontent.com/certusone/wormhole-token-list/main/assets/GT_wh.png,,
sol,HBTC,Huobi BTC (Wormhole),7dVH61ChzgmN9BwG4PkzwRP8PbYwPJ7ZPNF2vamKT2H8,eth,0x0316eb71485b0ab14103307bf65a021042c6d380,huobi-btc,https://raw.githubusercontent.com/certusone/wormhole-token-list/main/assets/HBTC_wh.png,,
sol,HGET,Hedget (Wormhole),2ueY1bLcPHfuFzEJq7yN1V2Wrpu8nkun9xG2TVCE1mhD,eth,0x7968bc6a03017ea2de509aaa816f163db0f35148,hedget,https://raw.githubusercontent.com/certusone/wormhole-token-list/main/assets/HGET_wh.png,27e1mB6UoPohbc3MmwMXu5QM7b2E3k5Mbhwv6JguwyXg,BdRzTEKb7Qdu4tWts5zXjwcpQErZxEzvShKZ5QcthMag
sol,HXRO,Hxro (Wormhole),HxhWkVpk5NS4Ltg5nij2G671CKXFRKPK8vy271Ub4uEK,eth,0x4bd70556ae3f8a6ec6c4080a0c327b24325438f3,hxro,https://raw.githubusercontent.com/certusone/wormhole-token-list/main/assets/HXRO_wh.png,CBb5zXwNRB73WVjs2m21P5prcEZa6SWmej74Vzxh8dRm,3BScwNxtMrEcQ5VTHyXHYQR98dTaxfyXGaLkuSjBY1dW
sol,HUSD,HUSD Stablecoin (Wormhole),7VQo3HFLNH5QqGtM8eC3XQbPkJUu7nS9LeGWjerRh5Sw,eth,0xdf574c24545e5ffecb9a659c229253d4111d87e1,husd,https://raw.githubusercontent.com/certusone/wormhole-token-list/main/assets/HUSD_wh.png,,
sol,ICE,PopsicleToken (Wormhole),DiJut4U3CU8b3bRgwfyqtJMJ4wjzJHaX6hudamjH46Km,eth,0xf16e81dce15b08f326220742020379b855b87df9,popsicle-finance,https://raw.githubusercontent.com/certusone/wormhole-token-list/main/assets/ICE_wh.png,,
sol,ILV,Illuvium (Wormhole),8UJbtpsEubDVkY53rk7d61hNYKkvouicczB2XmuwiG4g,eth,0x767fe9edc9e0df98e07454847909b5e959d7ca0e,illuvium,https://raw.githubusercontent.com/certusone/wormhole-token-list/main/assets/ILV_wh.png,,
sol,KEEP,Keep Network (Wormhole),64L6o4G2H7Ln1vN7AHZsUMW4pbFciHyuwn4wUdSbcFxh,eth,0x85eee30c52b0b379b046fb0f85f4f3dc3009afec,keep-network,https://raw.githubusercontent.com/certusone/wormhole-token-list/main/assets/KEEP_wh.png,,
sol,KP3R,Keep3rV1 (Wormhole),3a2VW9t5N6p4baMW3M6yLH1UJ9imMt7VsyUk6ouXPVLq,eth,0x1ceb5cb57c4d4e2b2433641b95dd330a33185a44,keep3rv1,https://raw.githubusercontent.com/certusone/wormhole-token-list/main/assets/KP3R_wh.png,,
sol,LDO,Lido DAO (Wormhole),HZRCwxP2Vq9PCpPXooayhJ2bxTpo5xfpQrwB1svh332p,eth,0x5a98fcbea516cf06857215779fd812ca3bef1b32,lido-dao,https://raw.githubusercontent.com/certusone/wormhole-token-list/main/assets/LDO_wh.png,,
sol,LINK,Chainlink (Wormhole),2wpTofQ8SkACrkZWrZDjXPitYa8AwWgX8AfxdeBRRVLX,eth,0x514910771af9ca656af840dff83e8264ecf986ca,chainlink,https://raw.githubusercontent.com/certusone/wormhole-token-list/main/assets/LINK_wh.png,FJMjxMCiDKn16TLhXUdEbVDH5wC6k9EHYJTcrH6NcbDE,Gr2KmhK7Upr4uW56B1QQrJuhhgmot6zAHJeZALTMStiX
sol,LRC,Loopring (Wormhole),HCTVFTzHL21a1dPzKxAUeWwqbE8QMUyvgChFDL4XYoi1,eth,0xbbbbca6a901c926f240b89eacb641d8aec7aeafd,loopring,https://raw.githubusercontent.com/certusone/wormhole-token-list/main/assets/LRC_wh.png,,
sol,LUA,LuaSwap (Wormhole),5Wc4U1ZoQRzF4tPdqKQzBwRSjYe8vEf3EvZMuXgtKUW6,eth,0xb1f66997a5760428d3a87d68b90bfe0ae64121cc,luaswap,https://raw.githubusercontent.com/certusone/wormhole-token-list/main/assets/LUA_wh.png,J9imTcEeahZqKuaoQaPcCeSGCMWL8qSACpK4B7bC8NN4,BMJ3CvQZ57cNnuc3Lz5Pb6cW6Sr9kZGz3qz2bJQTE24A
sol,MANA,Decentraland (Wormhole),7dgHoN8wBZCc5wbnQ2C47TDnBMAxG4Q5L3KjP67z8kNi,eth,0x0F5D2fB29fb7d3CFeE444a200298f468908cC942,decentraland,https://raw.githubusercontent.com/certusone/wormhole-token-list/main/assets/MANA_wh.png,7GSn6KQRasgPQCHwCbuDjDCsyZ3cxVHKWFmBXzJUUW8P,
sol,MATH,MATH Token (Wormhole),CaGa7pddFXS65Gznqwp42kBhkJQdceoFVT7AQYo8Jr8Q,eth,0x08d967bb0134f2d07f7cfb6e246680c53927dd30,math,https://raw.githubusercontent.com/certusone/wormhole-token-list/main/assets/MATH_wh.png,G8L1YLrktaG1t8YBMJs3CwV96nExvJJCSpw3DARPDjE2,CkvNfATB7nky8zPLuwS9bgcFbVRkQdkd5zuKEovyo9rs
sol,MATICet,MATIC (Wormhole from Ethereum),C7NNPWuZCNjZBfW5p6JvGsR8pUdsRpEdP1ZAhnoDwj7h,eth,0x7d1afa7b718fb893db30a3abc0cfc608aacfebb0,polygon,https://raw.githubusercontent.com/certusone/wormhole-token-list/main/assets/MATICet_wh.png,,
sol,MIMet,Magic Internet Money (Wormhole from Ethereum),HRQke5DKdDo3jV7wnomyiM8AA3EzkVnxMDdo2FQ5XUe1,eth,0x99d8a9c45b2eca8864373a26d1459e3dff1e17f3,magic-internet-money,https://raw.githubusercontent.com/certusone/wormhole-token-list/main/assets/MIMet_wh.png,,
sol,NXM,Nexus Mutual (Wormhole),Aqs5ydqKXEK2cjotDXxHmk8N9PknqQ5q4ZED4ymY1eeh,eth,0xd7c49cee7e9188cca6ad8ff264c1da2e69d4cf3b,nexus-mutual,https://raw.githubusercontent.com/certusone/wormhole-token-list/main/assets/NXM_wh.png,,
sol,PAXG,Paxos Gold (Wormhole),C6oFsE8nXRDThzrMEQ5SxaNFGKoyyfWDDVPw37JKvPTe,eth,0x45804880de22913dafe09f4980848ece6ecbaf78,pax-gold,https://raw.githubusercontent.com/certusone/wormhole-token-list/main/assets/PAXG_wh.png,BeyB6W2iNsH9qSfb7icLTmSPDu8oUGkarMZed4Unrnsr,9SQcpBFAs6ZiLAGUC9azYCN1kv89uTRmFR83sX1FTeh4
sol,PERP,Perpetual Protocol (Wormhole),9BsnSWDPfbusseZfnXyZ3un14CyPMZYvsKjWY3Y8Gbqn,eth,0xbc396689893d065f41bc2c6ecbee5e0085233447,perpetual-protocol,https://raw.githubusercontent.com/certusone/wormhole-token-list/main/assets/PERP_wh.png,Ao8HgYFCT2BJHxSusZbpJCPhvFMFXZApqN2uy2trbQRa,5EoZqJZrmKmq1yeRkYAerbJhcs92DZbCtW86EhPYCio2
sol,PEOPLE,ConstitutionDAO (Wormhole),CobcsUrt3p91FwvULYKorQejgsm5HoQdv5T8RUZ6PnLA,eth,0x7a58c0be72be218b41c608b7fe7c5bb630736c71,constitutiondao,https://raw.githubusercontent.com/certusone/wormhole-token-list/main/assets/PEOPLE_wh.png,GsWEL352sYgQC3uAVKgEQz2TtA1RA5cgNwUQahyzwJyz,
sol,RGT,Rari Governance Token (Wormhole),ASk8bss7PoxfFVJfXnSJepj9KupTX15QaRnhdjs6DdYe,eth,0xd291e7a03283640fdc51b121ac401383a46cc623,rari-governance-token,https://raw.githubusercontent.com/certusone/wormhole-token-list/main/assets/RGT_wh.png,,
sol,RPL,Rocket Pool (Wormhole),HUCyuyqESEUV4YWTKFvvB4JiQLqoovscTBpRXfGzW4Wx,eth,0xd33526068d116ce69f19a9ee46f0bd304f21a51f,rocket-pool,https://raw.githubusercontent.com/certusone/wormhole-token-list/main/assets/RPL_wh.png,,
sol,RSR,Reserve Rights (Wormhole),DkbE8U4gSRuGHcVMA1LwyZPYUjYbfEbjW8DMR3iSXBzr,eth,0x8762db106B2c2A0bccB3A80d1Ed41273552616E8,reserve-rights-token,https://raw.githubusercontent.com/certusone/wormhole-token-list/main/assets/RSR_wh.png,GqgkxEswUwHBntmzb5GpUhKrVpJhzreSruZycuJwdNwB,2j2or38X2FUbpkK4gkgvjDtqN3ibkKw3v5yn7o2gHqPc
sol,SAND,The Sandbox (Wormhole),49c7WuCZkQgc3M4qH8WuEUNXfgwupZf1xqWkDQ7gjRGt,eth,0x3845badAde8e6dFF049820680d1F14bD3903a5d0,the-sandbox,https://raw.githubusercontent.com/certusone/wormhole-token-list/main/assets/SAND_wh.png,3FE2g3cadTJjN3C7gNRavwnv7Yh9Midq7h9KgTVUE7tR,
sol,SHIB,Shiba Inu (Wormhole),CiKu4eHsVrc1eueVQeHn7qhXTcVu95gSQmBpX4utjL9z,eth,0x95ad61b0a150d79219dcf64e1e6cc01f0b64c4ce,shiba-inu,https://raw.githubusercontent.com/certusone/wormhole-token-list/main/assets/SHIB_wh.png,Er7Jp4PADPVHifykFwbVoHdkL1RtZSsx9zGJrPJTrCgW,
sol,SLP,Smooth Love Potion (Wormhole),4hpngEp1v3CXpeKB81Gw4sv7YvwUVRKvY3SGag9ND8Q4,eth,0xcc8fa225d80b9c7d42f96e9570156c65d6caaa25,smooth-love-potion,https://raw.githubusercontent.com/certusone/wormhole-token-list/main/assets/SLP_wh.png,,
sol,SNX,Synthetix Network Token (Wormhole),8cTNUtcV2ueC3royJ642uRnvTxorJAWLZc58gxAo7y56,eth,0xc011a73ee8576fb46f5e1c5751ca3b9fe0af2a6f,synthetix-network-token,https://raw.githubusercontent.com/certusone/wormhole-token-list/main/assets/SNX_wh.png,,
sol,SOS,OpenDAO (Wormhole),6Q5fvsJ6kgAFmisgDqqyaFd9FURYzHf8MCUbpAUaGZnE,eth,0x3b484b82567a09e2588a13d54d032153f0c0aee0,opendao,https://raw.githubusercontent.com/certusone/wormhole-token-list/main/assets/SOS_wh.png,,
sol,SPELL,Spell Token (Wormhole),BCsFXYm81iqXyYmrLKgAp3AePcgLHnirb8FjTs6sjM7U,eth,0x090185f2135308bad17527004364ebcc2d37e5f6,spell-token,https://raw.githubusercontent.com/certusone/wormhole-token-list/main/assets/SPELL_wh.png,,
sol,SRMet,Serum (Wormhole from Ethereum),xnorPhAzWXUczCP3KjU5yDxmKKZi5cSbxytQ1LgE3kG,eth,0x476c5e26a75bd202a9683ffd34359c0cc15be0ff,serum,https://raw.githubusercontent.com/certusone/wormhole-token-list/main/assets/SRMet_wh.png,,
sol,SWAG,SWAG Finance (Wormhole),5hcdG6NjQwiNhVa9bcyaaDsCyA1muPQ6WRzQwHfgeeKo,eth,0x87edffde3e14c7a66c9b9724747a1c5696b742e6,swag-finance,https://raw.githubusercontent.com/certusone/wormhole-token-list/main/assets/SWAG_wh.png,wSkeLMv3ktJyLm51bvQWxY2saGKqGxbnUFimPxbgEvQ,6URQ4zFWvPm1fhJCKKWorrh8X3mmTFiDDyXEUmSf8Rb2
sol,SXP,Swipe (Wormhole),3CyiEDRehaGufzkpXJitCP5tvh7cNhRqd9rPBxZrgK5z,eth,0x8ce9137d39326ad0cd6491fb5cc0cba0e089b6a9,swipe,https://raw.githubusercontent.com/certusone/wormhole-token-list/main/assets/SXP_wh.png,G5F84rfqmWqzZv5GBpSn8mMwW8zJ2B4Y1GpGupiwjHNM,2FQbPW1ticJz2SMMbEXxbKWJKmw1wLc6ggSP2HyzdMen
sol,SUSHI,SushiToken (Wormhole),ChVzxWRmrTeSgwd3Ui3UumcN8KX7VK3WaD4KGeSKpypj,eth,0x6b3595068778dd592e39a122f4f5a5cf09c90fe2,sushi,https://raw.githubusercontent.com/certusone/wormhole-token-list/main/assets/SUSHI_wh.png,3uWVMWu7cwMnYMAAdtsZNwaaqeeeZHARGZwcExnQiFay,T3aC6qcPAJtX1gqkckfSxBPdPWziz5fLYRt5Dz3Nafq
sol,TOKE,Tokemak (Wormhole),3EQ6LqLkiFcoxTeGEsHMFpSLWNVPe9yT7XPX2HYSFyxX,eth,0x2e9d63788249371f1dfc918a52f8d799f4a38c94,tokemak,https://raw.githubusercontent.com/certusone/wormhole-token-list/main/assets/TOKE_wh.png,,
sol,TRIBE,Tribe (Wormhole),DPgNKZJAG2w1S6vfYHDBT62R4qrWWH5f45CnxtbQduZE,eth,0xc7283b66eb1eb5fb86327f08e1b5816b0720212b,tribe,https://raw.githubusercontent.com/certusone/wormhole-token-list/main/assets/TRIBE_wh.png,,
sol,UBXT,UpBots (Wormhole),FTtXEUosNn6EKG2SQtfbGuYB4rBttreQQcoWn1YDsuTq,eth,0x8564653879a18c560e7c0ea0e084c516c62f5653,upbots,https://raw.githubusercontent.com/certusone/wormhole-token-list/main/assets/UBXT_wh.png,Hh4p7tJpqkGW6xsHM2LiPPMpJg43fwn5TbmVmfrURdLY,5xhjc3ZtAwnBK3qsaro28VChL7WrxY9N4SG6UZpYxpGc
sol,UFO,UFO Gaming (Wormhole),GWdkYFnXnSJAsCBvmsqFLiPPe2tpvXynZcJdxf11Fu3U,eth,0x249e38ea4102d0cf8264d3701f1a0e39c4f2dc3b,ufo-gaming,https://raw.githubusercontent.com/certusone/wormhole-token-list/main/assets/UFO_wh.png,,
sol,UNI,Uniswap (Wormhole),8FU95xFJhUUkyyCLU13HSzDLs7oC4QZdXQHL6SCeab36,eth,0x1f9840a85d5af5bf1d1762f925bdaddc4201f984,uniswap,https://raw.githubusercontent.com/certusone/wormhole-token-list/main/assets/UNI_wh.png,B7b5rjQuqQCuGqmUBWmcCTqaL3Z1462mo4NArqty6QFR,FrKM6kJtAjXknHPEpkrQtJSXZwUxV5dq26wDpc4YjQST
sol,USDCet,USD Coin (Wormhole from Ethereum),A9mUU4qviSctJVPJdBJWkb28deg915LYJKrzQ19ji3FM,eth,0xa0b86991c6218b36c1d19d4a2e9eb0ce3606eb48,usd-coin,https://raw.githubusercontent.com/certusone/wormhole-token-list/main/assets/USDCet_wh.png,,
sol,USDK,USDK (Wormhole),43m2ewFV5nDepieFjT9EmAQnc1HRtAF247RBpLGFem5F,eth,0x1c48f86ae57291f7686349f12601910bd8d470bb,usdk,https://raw.githubusercontent.com/certusone/wormhole-token-list/main/assets/USDK_wh.png,,
sol,USDTet,Tether USD (Wormhole from Ethereum),Dn4noZ5jgGfkntzcQSUZ8czkreiZ1ForXYoV2H8Dm7S1,eth,0xdac17f958d2ee523a2206206994597c13d831ec7,tether,https://raw.githubusercontent.com/certusone/wormhole-token-list/main/assets/USDTet_wh.png,,
sol,WBTC,Wrapped BTC (Wormhole),3NZ9JMVBmGAqocybic2c7LQCJScmgsAZ6vQqTDzcqmJh,eth,0x2260fac5e5542a773aa44fbcfedf7c193bc2c599,wrapped-bitcoin,https://raw.githubusercontent.com/certusone/wormhole-token-list/main/assets/WBTC_wh.png,,
sol,YFI,yearn.finance (Wormhole),BXZX2JRJFjvKazM1ibeDFxgAngKExb74MRXzXKvgikxX,eth,0x0bc529c00C6401aEF6D220BE8C6Ea1667F6Ad93e,yearn-finance,https://raw.githubusercontent.com/certusone/wormhole-token-list/main/assets/YFI_wh.png,BiJXGFc1c4gyPpv9HLRJoKbZewWQrTCHGuxYKjYMQJpC,9sue9TZAeUhNtNAPPGb9dke7rkJeXktGD3u8ZC37GWnQ
sol,YGG,Yield Guild Games (Wormhole),EzZp7LRN1xwu3QsB2RJRrWwEGjJGsuWzuMCeQDB3NSPK,eth,0x25f8087ead173b73d6e8b84329989a8eea16cf73,yield-guild-games,https://raw.githubusercontent.com/certusone/wormhole-token-list/main/assets/YGG_wh.png,,
sol,ZRX,0x (Wormhole),GJa1VeEYLTRoHbaeqcxfzHmjGCGtZGF3CUqxv9znZZAY,eth,0xe41d2489571d322189246dafa5ebde1f4699f498,0x,https://raw.githubusercontent.com/certusone/wormhole-token-list/main/assets/ZRX_wh.png,,
sol,agEUR,agEUR (Wormhole),CbNYA9n3927uXUukee2Hf4tm3xxkffJPPZvGazc2EAH1,eth,0x1a7e4e63778B4f12a199C062f3eFdD288afCBce8,ageur,https://raw.githubusercontent.com/certusone/wormhole-token-list/main/assets/agEUR_wh.png,,
sol,gOHM,Governance OHM (Wormhole),FUGsN8H74WjRBBMfQWcf9Kk32gebA9VnNaGxqwcVvUW7,eth,0x0ab87046fbb341d058f17cbc4c1133f25a20a52f,governance-ohm,https://raw.githubusercontent.com/certusone/wormhole-token-list/main/assets/gOHM_wh.png,,
sol,ibBTC,Interest Bearing Bitcoin (Wormhole),Bzq68gAVedKqQkQbsM28yQ4LYpc2VComDUD9wJBywdTi,eth,0xc4e15973e6ff2a35cc804c2cf9d2a1b817a8b40f,interest-bearing-bitcoin,https://raw.githubusercontent.com/certusone/wormhole-token-list/main/assets/ibBTC_wh.png,,
sol,stETH,Lido Staked Ether (Wormhole),H2mf9QNdU2Niq6QR7367Ua2trBsvscLyX5bz7R3Pw5sE,eth,0xae7ab96520de3a18e5e111b5eaab095312d7fe84,lido-staked-ether,https://raw.githubusercontent.com/certusone/wormhole-token-list/main/assets/stETH_wh.png,,
sol,DAIpo,DAI (Wormhole from Polygon),4Fo67MYQpVhZj9R7jQTd63FPAnWbPpaafAUxsMGX2geP,matic,0x6b175474e89094c44da98b954eedeac495271d0f,dai,https://raw.githubusercontent.com/certusone/wormhole-token-list/main/assets/DAIpo_wh.png,,
sol,MATICpo,MATIC (Wormhole from Polygon),Gz7VkD4MacbEB6yC5XD3HcumEiYx2EtDYYrfikGsvopG,matic,0x0d500b1d8e8ef31e21c99d1db9a6444d3adf1270,polygon,https://raw.githubusercontent.com/certusone/wormhole-token-list/main/assets/MATICpo_wh.png,5WRoQxE59966N2XfD2wYy1uhuyKeoVJ9NBMH6r6RNYEF,
sol,QUICK,Quickswap (Wormhole),5njTmK53Ss5jkiHHZvzabVzZj6ztu6WYWpAPYgbVnbjs,matic,0x831753dd7087cac61ab5644b308642cc1c33dc13,quickswap,https://raw.githubusercontent.com/certusone/wormhole-token-list/main/assets/QUICK_wh.png,,
sol,USDCpo,USD Coin (PoS) (Wormhole from Polygon),E2VmbootbVCBkMNNxKQgCLMS1X3NoGMaYAsufaAsf7M,matic,0x2791bca1f2de4661ed88a30c99a7a9449aa84174,usd-coin,https://raw.githubusercontent.com/certusone/wormhole-token-list/main/assets/USDCpo_wh.png,,
sol,USDTpo,Tether USD (PoS) (Wormhole from Polygon),5goWRao6a3yNC4d6UjMdQxonkCMvKBwdpubU3qhfcdf1,matic,0xc2132d05d31c914a87c6611c10748aeb04b58e8f,tether,https://raw.githubusercontent.com/certusone/wormhole-token-list/main/assets/USDTpo_wh.png,,
sol,ROSE,ROSE (Wormhole),S3SQfD6RheMXQ3EEYn1Z5sJsbtwfXdt7tSAVXPQFtYo,oasis,0x21C718C22D52d0F3a789b752D4c2fD5908a8A733,oasis-network,https://raw.githubusercontent.com/certusone/wormhole-token-list/main/assets/ROSE_wh.png,EybAYkmRKCyD4w8AErTG1bqmnvT85LFuPQPMCc8J3yD,
sol,UST,UST (Wormhole),9vMJfxuKxXBoEa7rM12mYLMwTacLMLDJqHozw96WQL8i,terra,uusd,terra-usd,https://raw.githubusercontent.com/certusone/wormhole-token-list/main/assets/UST_wh.png,8WmckvEoVGZvtN8knjdzFGbWJ3Sr4BcWdyzSYuCrD4YK,
sol,LUNA,LUNA (Wormhole),F6v4wfAdJB8D8p77bMXZgYt8TDKsYxLYxH5AFhUkYx9W,terra,uluna,terra-luna,https://raw.githubusercontent.com/certusone/wormhole-token-list/main/assets/LUNA_wh.png,HBTu8hNaoT3VyiSSzJYa8jwt9sDGKtJviSwFa11iXdmE,
sol,aUST,AnchorUST (Wormhole),4CsZsUCoKFiaGyU7DEVDayqeVtG8iqgGDR6RjzQmzQao,terra,terra1hzh9vpxhsk8253se0vv5jj6etdvxu3nv8z07zu,anchorust,https://raw.githubusercontent.com/certusone/wormhole-token-list/main/assets/aUST_wh.png,,
eth,AVAX,AVAX (Wormhole),0x85f138bfEE4ef8e540890CFb48F620571d67Eda3,avax,0xb31f66aa3c1e785363f0875a1b74e27b85fd66c7,avalanche,https://raw.githubusercontent.com/certusone/wormhole-token-list/main/assets/AVAX_wh.png,E8JQstcwjuqN5kdMyUJLNuaectymnhffkvfg1j286UCr,
eth,BNB,Binance Coin (Wormhole),0x418D75f65a02b3D53B2418FB8E1fe493759c7605,bsc,0xbb4CdB9CBd36B01bD1cBaEBF2De08d9173bc095c,binance-coin,https://raw.githubusercontent.com/certusone/wormhole-token-list/main/assets/BNB_wh.png,4UPUurKveNEJgBqJzqHPyi8DhedvpYsMXi7d43CjAg2f,FjbKNZME5yVSC1R3HJM99kB3yir3q3frS5MteMFD72sV
eth,BUSDbs,Binance USD (Wormhole from BSC),0x7B4B0B9b024109D182dCF3831222fbdA81369423,bsc,0xe9e7cea3dedca5984780bafc599bd69add087d56,binance-usd,https://raw.githubusercontent.com/certusone/wormhole-token-list/main/assets/BUSDbs_wh.png,,
eth,CAKE,PancakeSwap Token (Wormhole),0x7c8161545717a334f3196e765d9713f8042EF338,bsc,0x0e09fabb73bd3ade0a17ecc321fd13a19e81ce82,pancakeswap,https://raw.githubusercontent.com/certusone/wormhole-token-list/main/assets/CAKE_wh.png,,
eth,USDCbs,USD Coin (Wormhole from BSC),0x7cd167B101D2808Cfd2C45d17b2E7EA9F46b74B6,bsc,0x8ac76a51cc950d9822d68b83fe1ad97b32cd580d,usd-coin,https://raw.githubusercontent.com/certusone/wormhole-token-list/main/assets/USDCbs_wh.png,,
eth,USDTbs,Tether USD (Wormhole from BSC),0xDe60aDfDdAAbaAAC3dAFa57B26AcC91Cb63728c4,bsc,0x55d398326f99059fF775485246999027B3197955,tether,https://raw.githubusercontent.com/certusone/wormhole-token-list/main/assets/USDTbs_wh.png,,
eth,MATICpo,MATIC (Wormhole from Polygon),0x7c9f4C87d911613Fe9ca58b579f737911AAD2D43,matic,0x0d500b1d8e8ef31e21c99d1db9a6444d3adf1270,polygon,https://raw.githubusercontent.com/certusone/wormhole-token-list/main/assets/MATICpo_wh.png,5WRoQxE59966N2XfD2wYy1uhuyKeoVJ9NBMH6r6RNYEF,
eth,USDCpo,USD Coin (PoS) (Wormhole from Polygon),0x566957eF80F9fd5526CD2BEF8BE67035C0b81130,matic,0x2791bca1f2de4661ed88a30c99a7a9449aa84174,usd-coin,https://raw.githubusercontent.com/certusone/wormhole-token-list/main/assets/USDCpo_wh.png,,
eth,ROSE,ROSE (Wormhole),0x26B80FBfC01b71495f477d5237071242e0d959d7,oasis,0x21C718C22D52d0F3a789b752D4c2fD5908a8A733,oasis-network,https://raw.githubusercontent.com/certusone/wormhole-token-list/main/assets/ROSE_wh.png,EybAYkmRKCyD4w8AErTG1bqmnvT85LFuPQPMCc8J3yD,
eth,ATLAS,Star Atlas (Wormhole),0xb9F747162AB1E95d07361f9048BcDF6eDdA9eEA7,sol,ATLASXmbPQxBUYbxPsV97usA3fPQYEqzQBUHgiFCUsXx,star-atlas,https://raw.githubusercontent.com/certusone/wormhole-token-list/main/assets/ATLAS_wh.png,,
eth,RAY,Raydium (Wormhole),0xE617dd80c621a5072bD8cBa65E9d76c07327004d,sol,4k3Dyjzvzp8eMZWUXbBCjEvwSkkk59S5iCNLY3QrkX6R,raydium,https://raw.githubusercontent.com/certusone/wormhole-token-list/main/assets/RAY_wh.png,,
eth,SOL,SOL (Wormhole),0xD31a59c85aE9D8edEFeC411D448f90841571b89c,sol,So11111111111111111111111111111111111111112,solana,https://raw.githubusercontent.com/certusone/wormhole-token-list/main/assets/SOL_wh.png,,
eth,SRMso,Serum (Wormhole from Solana),0xE3ADAA4fb7c92AB833Ee08B3561D9c434aA2A3eE,sol,SRMuApVNdxXokk5GT7XD5cUUgXMBCoAz2LHeuAoKWRt,serum,https://raw.githubusercontent.com/certusone/wormhole-token-list/main/assets/SRMso_wh.png,,
eth,USDCso,USD Coin (Wormhole from Solana),0x41f7B8b9b897276b7AAE926a9016935280b44E97,sol,EPjFWdd5AufqSSqeM2qN1xzybapC8G4wEGGkZwyTDt1v,usd-coin,https://raw.githubusercontent.com/certusone/wormhole-token-list/main/assets/USDCso_wh.png,,
eth,USDTso,Tether USD (Wormhole from Solana),0x1CDD2EaB61112697626F7b4bB0e23Da4FeBF7B7C,sol,Es9vMFrzaCERmJfrF4H2FYD4KCoNkY11McCe8BenwNYB,tether,https://raw.githubusercontent.com/certusone/wormhole-token-list/main/assets/USDTso_wh.png,,
eth,mSOL,Marinade staked SOL (Wormhole),0x756bFb452cFE36A5Bc82e4F5f4261A89a18c242b,sol,mSoLzYCxHdYgdzU16g5QSh3i5K3z3KZK7ytfqcJm7So,marinade-staked-sol,https://raw.githubusercontent.com/certusone/wormhole-token-list/main/assets/mSOL_wh.png,,
eth,UST,UST (Wormhole),0xa693B19d2931d498c5B318dF961919BB4aee87a5,terra,uusd,terra-usd,https://raw.githubusercontent.com/certusone/wormhole-token-list/main/assets/UST_wh.png,8WmckvEoVGZvtN8knjdzFGbWJ3Sr4BcWdyzSYuCrD4YK,
eth,LUNA,LUNA (Wormhole),0xbd31ea8212119f94a611fa969881cba3ea06fa3d,terra,uluna,terra-luna,https://raw.githubusercontent.com/certusone/wormhole-token-list/main/assets/LUNA_wh.png,HBTu8hNaoT3VyiSSzJYa8jwt9sDGKtJviSwFa11iXdmE,
bsc,AVAX,AVAX (Wormhole),0x96412902aa9aFf61E13f085e70D3152C6ef2a817,avax,0xb31f66aa3c1e785363f0875a1b74e27b85fd66c7,avalanche,https://raw.githubusercontent.com/certusone/wormhole-token-list/main/assets/AVAX_wh.png,E8JQstcwjuqN5kdMyUJLNuaectymnhffkvfg1j286UCr,
bsc,USDCav,USD Coin (Wormhole from Avalanche),0xc1F47175d96Fe7c4cD5370552e5954f384E3C791,avax,0xa7d7079b0fead91f3e65f86e8915cb59c1a4c664,usd-coin,https://raw.githubusercontent.com/certusone/wormhole-token-list/main/assets/USDCav_wh.png,,
bsc,USDTav,Tether USD (Wormhole from Avalanche),0x2B90E061a517dB2BbD7E39Ef7F733Fd234B494CA,avax,0xc7198437980c041c805a1edcba50c1ce5db95118,tether,https://raw.githubusercontent.com/certusone/wormhole-token-list/main/assets/USDTav_wh.png,,
bsc,AXSet,Axie Infinity Shard (Wormhole from Ethereum),0x556b60c53fbC1518Ad17E03d52E47368dD4d81B3,eth,0xbb0e17ef65f82ab018d8edd776e8dd940327b28b,axie-infinity,https://raw.githubusercontent.com/certusone/wormhole-token-list/main/assets/AXSet_wh.png,HZCheduA4nsSuQpVww1TiyKZpXSAitqaXxjBD2ymg22X,
bsc,BAT,Basic Attention Token (Wormhole),0x31C78f583ed0288D67b2b80Dc5C443Bc3b15C661,eth,0x0d8775f648430679a709e98d2b0cb6250d2887ef,basic-attention-token,https://raw.githubusercontent.com/certusone/wormhole-token-list/main/assets/BAT_wh.png,,
bsc,BUSDet,Binance USD (Wormhole from Ethereum),0x035de3679E692C471072d1A09bEb9298fBB2BD31,eth,0x4fabb145d64652a948d72533023f6e7a623c7c53,binance-usd,https://raw.githubusercontent.com/certusone/wormhole-token-list/main/assets/BUSDet_wh.png,,
bsc,DAI,DAI (Wormhole),0x3413a030EF81a3dD5a302F4B4D11d911e12ed337,eth,0x6b175474e89094c44da98b954eedeac495271d0f,dai,https://raw.githubusercontent.com/certusone/wormhole-token-list/main/assets/DAI_wh.png,,
bsc,ETH,Ether (Wormhole),0x4DB5a66E937A9F4473fA95b1cAF1d1E1D62E29EA,eth,0xc02aaa39b223fe8d0a0e5c4f27ead9083c756cc2,ether,https://raw.githubusercontent.com/certusone/wormhole-token-list/main/assets/ETH_wh.png,8Gmi2HhZmwQPVdCwzS7CM66MGstMXPcTVHA7jF19cLZz,ch7kmPrtoQUSEPBggcNAvLGiMQkJagVwd3gDYfd8m7Q
bsc,FTT,FTX Token (Wormhole),0x49BA054B9664e99ac335667a917c63bB94332E84,eth,0x50d1c9771902476076ecfc8b2a83ad6b9355a4c9,ftx-token,https://raw.githubusercontent.com/certusone/wormhole-token-list/main/assets/FTT_wh.png,2wteg25ch227n4Rh1CN4WNrDZXBpRBpWJ48mEC2K7f4r,BoHojHESAv4McZx9gXd1bWTZMq25JYyGz4qL1m5C3nvk
bsc,LDO,Lido DAO (Wormhole),0x986854779804799C1d68867F5E03e601E781e41b,eth,0x5a98fcbea516cf06857215779fd812ca3bef1b32,lido-dao,https://raw.githubusercontent.com/certusone/wormhole-token-list/main/assets/LDO_wh.png,,
bsc,ORION,Orion Money (Wormhole),0x3dcB18569425930954feb191122e574b87F66abd,eth,0x727f064a78dc734d33eec18d5370aef32ffd46e4,orion-money,https://raw.githubusercontent.com/certusone/wormhole-token-list/main/assets/ORION_wh.png,,
bsc,SHIB,Shiba Inu (Wormhole),0xb1547683DA678f2e1F003A780143EC10Af8a832B,eth,0x95ad61b0a150d79219dcf64e1e6cc01f0b64c4ce,shiba-inu,https://raw.githubusercontent.com/certusone/wormhole-token-list/main/assets/SHIB_wh.png,Er7Jp4PADPVHifykFwbVoHdkL1RtZSsx9zGJrPJTrCgW,
bsc,SRMet,Serum (Wormhole from Ethereum),0xd63CDf02853D759831550fAe7dF8FFfE0B317b39,eth,0x476c5e26a75bd202a9683ffd34359c0cc15be0ff,serum,https://raw.githubusercontent.com/certusone/wormhole-token-list/main/assets/SRMet_wh.png,,
bsc,SUSHI,SushiToken (Wormhole),0x3524fd7488fdb1F4723BBc22C9cbD1Bf89f46E3B,eth,0x6b3595068778dd592e39a122f4f5a5cf09c90fe2,sushi,https://raw.githubusercontent.com/certusone/wormhole-token-list/main/assets/SUSHI_wh.png,3uWVMWu7cwMnYMAAdtsZNwaaqeeeZHARGZwcExnQiFay,T3aC6qcPAJtX1gqkckfSxBPdPWziz5fLYRt5Dz3Nafq
bsc,USDCet,USD Coin (Wormhole from Ethereum),0xB04906e95AB5D797aDA81508115611fee694c2b3,eth,0xa0b86991c6218b36c1d19d4a2e9eb0ce3606eb48,usd-coin,https://raw.githubusercontent.com/certusone/wormhole-token-list/main/assets/USDCet_wh.png,,
bsc,USDTet,Tether USD (Wormhole from Ethereum),0x524bC91Dc82d6b90EF29F76A3ECAaBAffFD490Bc,eth,0xdac17f958d2ee523a2206206994597c13d831ec7,tether,https://raw.githubusercontent.com/certusone/wormhole-token-list/main/assets/USDTet_wh.png,,
bsc,MATICpo,MATIC (Wormhole from Polygon),0xc836d8dC361E44DbE64c4862D55BA041F88Ddd39,matic,0x0d500b1d8e8ef31e21c99d1db9a6444d3adf1270,polygon,https://raw.githubusercontent.com/certusone/wormhole-token-list/main/assets/MATICpo_wh.png,5WRoQxE59966N2XfD2wYy1uhuyKeoVJ9NBMH6r6RNYEF,
bsc,USDCpo,USD Coin (PoS) (Wormhole from Polygon),0x672147dD47674757C457eB155BAA382cc10705Dd,matic,0x2791bca1f2de4661ed88a30c99a7a9449aa84174,usd-coin,https://raw.githubusercontent.com/certusone/wormhole-token-list/main/assets/USDCpo_wh.png,,
bsc,ROSE,ROSE (Wormhole),0x6c6D604D3f07aBE287C1A3dF0281e999A83495C0,oasis,0x21C718C22D52d0F3a789b752D4c2fD5908a8A733,oasis-network,https://raw.githubusercontent.com/certusone/wormhole-token-list/main/assets/ROSE_wh.png,EybAYkmRKCyD4w8AErTG1bqmnvT85LFuPQPMCc8J3yD,
bsc,ATLAS,Star Atlas (Wormhole),0x83850D97018f665EB746FBb8f18351e977d1b0D6,sol,ATLASXmbPQxBUYbxPsV97usA3fPQYEqzQBUHgiFCUsXx,star-atlas,https://raw.githubusercontent.com/certusone/wormhole-token-list/main/assets/ATLAS_wh.png,,
bsc,AURY,Aurory (Wormhole),0xF5a367b7809e5683538C93Ce638B9258A0B88271,sol,AURYydfxJib1ZkTir1Jn1J9ECYUtjb6rKQVmtYaixWPP,aurory,https://raw.githubusercontent.com/certusone/wormhole-token-list/main/assets/AURY_wh.png,,
bsc,RAY,Raydium (Wormhole),0x13b6A55662f6591f8B8408Af1C73B017E32eEdB8,sol,4k3Dyjzvzp8eMZWUXbBCjEvwSkkk59S5iCNLY3QrkX6R,raydium,https://raw.githubusercontent.com/certusone/wormhole-token-list/main/assets/RAY_wh.png,,
bsc,SBR,Saber (Wormhole),0x75344E5693ed5ecAdF4f292fFeb866c2cF8afCF1,sol,Saber2gLauYim4Mvftnrasomsv6NvAuncvMEZwcLpD1,saber,https://raw.githubusercontent.com/certusone/wormhole-token-list/main/assets/SBR_wh.png,,
bsc,SOL,SOL (Wormhole),0xfA54fF1a158B5189Ebba6ae130CEd6bbd3aEA76e,sol,So11111111111111111111111111111111111111112,solana,https://raw.githubusercontent.com/certusone/wormhole-token-list/main/assets/SOL_wh.png,,
bsc,SRMso,Serum (Wormhole from Solana),0x12BeffdCEcb547640DC30e1495E4B9cdc21922b4,sol,SRMuApVNdxXokk5GT7XD5cUUgXMBCoAz2LHeuAoKWRt,serum,https://raw.githubusercontent.com/certusone/wormhole-token-list/main/assets/SRMso_wh.png,,
bsc,USDCso,USD Coin (Wormhole from Solana),0x91Ca579B0D47E5cfD5D0862c21D5659d39C8eCf0,sol,EPjFWdd5AufqSSqeM2qN1xzybapC8G4wEGGkZwyTDt1v,usd-coin,https://raw.githubusercontent.com/certusone/wormhole-token-list/main/assets/USDCso_wh.png,,
bsc,USDTso,Tether USD (Wormhole from Solana),0x49d5cC521F75e13fa8eb4E89E9D381352C897c96,sol,Es9vMFrzaCERmJfrF4H2FYD4KCoNkY11McCe8BenwNYB,tether,https://raw.githubusercontent.com/certusone/wormhole-token-list/main/assets/USDTso_wh.png,,
bsc,UST,UST (Wormhole),0x3d4350cD54aeF9f9b2C29435e0fa809957B3F30a,terra,uusd,terra-usd,https://raw.githubusercontent.com/certusone/wormhole-token-list/main/assets/UST_wh.png,8WmckvEoVGZvtN8knjdzFGbWJ3Sr4BcWdyzSYuCrD4YK,
bsc,LUNA,LUNA (Wormhole),0x156ab3346823B651294766e23e6Cf87254d68962,terra,uluna,terra-luna,https://raw.githubusercontent.com/certusone/wormhole-token-list/main/assets/LUNA_wh.png,HBTu8hNaoT3VyiSSzJYa8jwt9sDGKtJviSwFa11iXdmE,
bsc,aUST,AnchorUST (Wormhole),0x8b04E56A8cd5f4D465b784ccf564899F30Aaf88C,terra,terra1hzh9vpxhsk8253se0vv5jj6etdvxu3nv8z07zu,anchorust,https://raw.githubusercontent.com/certusone/wormhole-token-list/main/assets/aUST_wh.png,,
terra,AVAX,AVAX (Wormhole),terra1hj8de24c3yqvcsv9r8chr03fzwsak3hgd8gv3m,avax,0xb31f66aa3c1e785363f0875a1b74e27b85fd66c7,avalanche,https://raw.githubusercontent.com/certusone/wormhole-token-list/main/assets/AVAX_wh.png,E8JQstcwjuqN5kdMyUJLNuaectymnhffkvfg1j286UCr,
terra,USDCav,USD Coin (Wormhole from Avalanche),terra1pvel56a2hs93yd429pzv9zp5aptcjg5ulhkz7w,avax,0xa7d7079b0fead91f3e65f86e8915cb59c1a4c664,usd-coin,https://raw.githubusercontent.com/certusone/wormhole-token-list/main/assets/USDCav_wh.png,,
terra,USDTav,Tether USD (Wormhole from Avalanche),terra1eqvq3thjhye7anv6f6mhxpjhyvww8zjvqcdgjx,avax,0xc7198437980c041c805a1edcba50c1ce5db95118,tether,https://raw.githubusercontent.com/certusone/wormhole-token-list/main/assets/USDTav_wh.png,,
terra,BNB,Binance Coin (Wormhole),terra1cetg5wruw2wsdjp7j46rj44xdel00z006e9yg8,bsc,0xbb4CdB9CBd36B01bD1cBaEBF2De08d9173bc095c,binance-coin,https://raw.githubusercontent.com/certusone/wormhole-token-list/main/assets/BNB_wh.png,4UPUurKveNEJgBqJzqHPyi8DhedvpYsMXi7d43CjAg2f,FjbKNZME5yVSC1R3HJM99kB3yir3q3frS5MteMFD72sV
terra,BUSDbs,Binance USD (Wormhole from BSC),terra1skjr69exm6v8zellgjpaa2emhwutrk5a6dz7dd,bsc,0xe9e7cea3dedca5984780bafc599bd69add087d56,binance-usd,https://raw.githubusercontent.com/certusone/wormhole-token-list/main/assets/BUSDbs_wh.png,,
terra,CAKE,PancakeSwap Token (Wormhole),terra1xvqlpjl2dxyel9qrp6qvtrg04xe3jh9cyxc6av,bsc,0x0e09fabb73bd3ade0a17ecc321fd13a19e81ce82,pancakeswap,https://raw.githubusercontent.com/certusone/wormhole-token-list/main/assets/CAKE_wh.png,,
terra,USDCbs,USD Coin (Wormhole from BSC),terra1yljlrxvkar0c6ujpvf8g57m5rpcwl7r032zyvu,bsc,0x8ac76a51cc950d9822d68b83fe1ad97b32cd580d,usd-coin,https://raw.githubusercontent.com/certusone/wormhole-token-list/main/assets/USDCbs_wh.png,,
terra,USDTbs,Tether USD (Wormhole from BSC),terra1vlqeghv5mt5udh96kt5zxlh2wkh8q4kewkr0dd,bsc,0x55d398326f99059fF775485246999027B3197955,tether,https://raw.githubusercontent.com/certusone/wormhole-token-list/main/assets/USDTbs_wh.png,,
terra,AUDIO,Audius (Wormhole),terra1nc6flp57m5hsr6y5y8aexzszy43ksr0drdr8rp,eth,0x18aaa7115705e8be94bffebde57af9bfc265b998,audius,https://raw.githubusercontent.com/certusone/wormhole-token-list/main/assets/AUDIO_wh.png,FxquLRmVMPXiS84FFSp8q5fbVExhLkX85yiXucyu7xSC,
terra,BAT,Basic Attention Token (Wormhole),terra1apxgj5agkkfdm2tprwvykug0qtahxvfmugnhx2,eth,0x0d8775f648430679a709e98d2b0cb6250d2887ef,basic-attention-token,https://raw.githubusercontent.com/certusone/wormhole-token-list/main/assets/BAT_wh.png,,
terra,DAI,DAI (Wormhole),terra1zmclyfepfmqvfqflu8r3lv6f75trmg05z7xq95,eth,0x6b175474e89094c44da98b954eedeac495271d0f,dai,https://raw.githubusercontent.com/certusone/wormhole-token-list/main/assets/DAI_wh.png,,
terra,ETH,Ether (Wormhole),terra14tl83xcwqjy0ken9peu4pjjuu755lrry2uy25r,eth,0xc02aaa39b223fe8d0a0e5c4f27ead9083c756cc2,ether,https://raw.githubusercontent.com/certusone/wormhole-token-list/main/assets/ETH_wh.png,8Gmi2HhZmwQPVdCwzS7CM66MGstMXPcTVHA7jF19cLZz,ch7kmPrtoQUSEPBggcNAvLGiMQkJagVwd3gDYfd8m7Q
terra,LDO,Lido DAO (Wormhole),terra1jxypgnfa07j6w92wazzyskhreq2ey2a5crgt6z,eth,0x5a98fcbea516cf06857215779fd812ca3bef1b32,lido-dao,https://raw.githubusercontent.com/certusone/wormhole-token-list/main/assets/LDO_wh.png,,
terra,LINK,Chainlink (Wormhole),terra12dfv3f0e6m22z6cnhfn3nxk2en3z3zeqy6ctym,eth,0x514910771af9ca656af840dff83e8264ecf986ca,chainlink,https://raw.githubusercontent.com/certusone/wormhole-token-list/main/assets/LINK_wh.png,FJMjxMCiDKn16TLhXUdEbVDH5wC6k9EHYJTcrH6NcbDE,Gr2KmhK7Upr4uW56B1QQrJuhhgmot6zAHJeZALTMStiX
terra,MIMet,Magic Internet Money (Wormhole from Ethereum),terra15a9dr3a2a2lj5fclrw35xxg9yuxg0d908wpf2y,eth,0x99d8a9c45b2eca8864373a26d1459e3dff1e17f3,magic-internet-money,https://raw.githubusercontent.com/certusone/wormhole-token-list/main/assets/MIMet_wh.png,,
terra,ORION,Orion Money (Wormhole),terra1mddcdx0ujx89f38gu7zspk2r2ffdl5enyz2u03,eth,0x727f064a78dc734d33eec18d5370aef32ffd46e4,orion-money,https://raw.githubusercontent.com/certusone/wormhole-token-list/main/assets/ORION_wh.png,,
terra,SHIB,Shiba Inu (Wormhole),terra1huku2lecfjhq9d00k5a8dh73gw7dwe6vvuf2dd,eth,0x95ad61b0a150d79219dcf64e1e6cc01f0b64c4ce,shiba-inu,https://raw.githubusercontent.com/certusone/wormhole-token-list/main/assets/SHIB_wh.png,Er7Jp4PADPVHifykFwbVoHdkL1RtZSsx9zGJrPJTrCgW,
terra,SUSHI,SushiToken (Wormhole),terra1csvuzlf92nyemu6tv25h0l79etpe8hz3h5vn4a,eth,0x6b3595068778dd592e39a122f4f5a5cf09c90fe2,sushi,https://raw.githubusercontent.com/certusone/wormhole-token-list/main/assets/SUSHI_wh.png,3uWVMWu7cwMnYMAAdtsZNwaaqeeeZHARGZwcExnQiFay,T3aC6qcPAJtX1gqkckfSxBPdPWziz5fLYRt5Dz3Nafq
terra,UNI,Uniswap (Wormhole),terra1wyxkuy5jq545fn7xfn3enpvs5zg9f9dghf6gxf,eth,0x1f9840a85d5af5bf1d1762f925bdaddc4201f984,uniswap,https://raw.githubusercontent.com/certusone/wormhole-token-list/main/assets/UNI_wh.png,B7b5rjQuqQCuGqmUBWmcCTqaL3Z1462mo4NArqty6QFR,FrKM6kJtAjXknHPEpkrQtJSXZwUxV5dq26wDpc4YjQST
terra,USDCet,USD Coin (Wormhole from Ethereum),terra1pepwcav40nvj3kh60qqgrk8k07ydmc00xyat06,eth,0xa0b86991c6218b36c1d19d4a2e9eb0ce3606eb48,usd-coin,https://raw.githubusercontent.com/certusone/wormhole-token-list/main/assets/USDCet_wh.png,,
terra,USDTet,Tether USD (Wormhole from Ethereum),terra1ce06wkrdm4vl6t0hvc0g86rsy27pu8yadg3dva,eth,0xdac17f958d2ee523a2206206994597c13d831ec7,tether,https://raw.githubusercontent.com/certusone/wormhole-token-list/main/assets/USDTet_wh.png,,
terra,WBTC,Wrapped BTC (Wormhole),terra1aa7upykmmqqc63l924l5qfap8mrmx5rfdm0v55,eth,0x2260fac5e5542a773aa44fbcfedf7c193bc2c599,wrapped-bitcoin,https://raw.githubusercontent.com/certusone/wormhole-token-list/main/assets/WBTC_wh.png,,
terra,gOHM,Governance OHM (Wormhole),terra1fpfn2kkr8mv390wx4dtpfk3vkjx9ch3thvykl3,eth,0x0ab87046fbb341d058f17cbc4c1133f25a20a52f,governance-ohm,https://raw.githubusercontent.com/certusone/wormhole-token-list/main/assets/gOHM_wh.png,,
terra,bETH,Lido bETH (Wormhole),terra1u5szg038ur9kzuular3cae8hq6q5rk5u27tuvz,eth,0x707f9118e33a9b8998bea41dd0d46f38bb963fc8,anchor-beth-token,https://raw.githubusercontent.com/certusone/wormhole-token-list/main/assets/bETH_wh.png,,
terra,wstETH,Lido wstETH (Wormhole),terra133chr09wu8sakfte5v7vd8qzq9vghtkv4tn0ur,eth,0x7f39c581f595b53c5cb19bd0b3f8da6c935e2ca0,wrapped-steth,https://raw.githubusercontent.com/certusone/wormhole-token-list/main/assets/wstETH_wh.png,,
terra,stETH,Lido Staked Ether (Wormhole),terra1w7ywr6waxtjuvn5svk5wqydqpjj0q9ps7qct4d,eth,0xae7ab96520de3a18e5e111b5eaab095312d7fe84,lido-staked-ether,https://raw.githubusercontent.com/certusone/wormhole-token-list/main/assets/stETH_wh.png,,
terra,SD,Stader SD (Wormhole),terra1ustvnmngueq0p4jd7gfnutgvdc6ujpsjhsjd02,eth,0x30D20208d987713f46DFD34EF128Bb16C404D10f,stader,https://raw.githubusercontent.com/certusone/wormhole-token-list/main/assets/SD_wh.png,,
terra,MATICpo,MATIC (Wormhole from Polygon),terra1dtqlfecglk47yplfrtwjzyagkgcqqngd5lgjp8,matic,0x0d500b1d8e8ef31e21c99d1db9a6444d3adf1270,polygon,https://raw.githubusercontent.com/certusone/wormhole-token-list/main/assets/MATICpo_wh.png,5WRoQxE59966N2XfD2wYy1uhuyKeoVJ9NBMH6r6RNYEF,
terra,USDCpo,USD Coin (PoS) (Wormhole from Polygon),terra1kkyyh7vganlpkj0gkc2rfmhy858ma4rtwywe3x,matic,0x2791bca1f2de4661ed88a30c99a7a9449aa84174,usd-coin,https://raw.githubusercontent.com/certusone/wormhole-token-list/main/assets/USDCpo_wh.png,,
terra,ATLAS,Star Atlas (Wormhole),terra1rg8f993m9834afwazersesgx7jjxv4p87q9wvc,sol,ATLASXmbPQxBUYbxPsV97usA3fPQYEqzQBUHgiFCUsXx,star-atlas,https://raw.githubusercontent.com/certusone/wormhole-token-list/main/assets/ATLAS_wh.png,,
terra,RAY,Raydium (Wormhole),terra1ht5sepn28z999jx33sdduuxm9acthad507jg9q,sol,4k3Dyjzvzp8eMZWUXbBCjEvwSkkk59S5iCNLY3QrkX6R,raydium,https://raw.githubusercontent.com/certusone/wormhole-token-list/main/assets/RAY_wh.png,,
terra,SBR,Saber (Wormhole),terra17h82zsq6q8x5tsgm5ugcx4gytw3axguvzt4pkc,sol,Saber2gLauYim4Mvftnrasomsv6NvAuncvMEZwcLpD1,saber,https://raw.githubusercontent.com/certusone/wormhole-token-list/main/assets/SBR_wh.png,,
terra,SOL,SOL (Wormhole),terra190tqwgqx7s8qrknz6kckct7v607cu068gfujpk,sol,So11111111111111111111111111111111111111112,solana,https://raw.githubusercontent.com/certusone/wormhole-token-list/main/assets/SOL_wh.png,,
terra,SRMso,Serum (Wormhole from Solana),terra1dkam9wd5yvaswv4yq3n2aqd4wm5j8n82qc0c7c,sol,SRMuApVNdxXokk5GT7XD5cUUgXMBCoAz2LHeuAoKWRt,serum,https://raw.githubusercontent.com/certusone/wormhole-token-list/main/assets/SRMso_wh.png,,
terra,USDCso,USD Coin (Wormhole from Solana),terra1e6mq63y64zcxz8xyu5van4tgkhemj3r86yvgu4,sol,EPjFWdd5AufqSSqeM2qN1xzybapC8G4wEGGkZwyTDt1v,usd-coin,https://raw.githubusercontent.com/certusone/wormhole-token-list/main/assets/USDCso_wh.png,,
terra,USDTso,Tether USD (Wormhole from Solana),terra1hd9n65snaluvf7en0p4hqzse9eqecejz2k8rl5,sol,Es9vMFrzaCERmJfrF4H2FYD4KCoNkY11McCe8BenwNYB,tether,https://raw.githubusercontent.com/certusone/wormhole-token-list/main/assets/USDTso_wh.png,,
terra,mSOL,Marinade staked SOL (Wormhole),terra1qvlpf2v0zmru3gtex40sqq02wxp39x3cjh359y,sol,mSoLzYCxHdYgdzU16g5QSh3i5K3z3KZK7ytfqcJm7So,marinade-staked-sol,https://raw.githubusercontent.com/certusone/wormhole-token-list/main/assets/mSOL_wh.png,,
matic,AVAX,AVAX (Wormhole),0x7Bb11E7f8b10E9e571E5d8Eace04735fDFB2358a,avax,0xb31f66aa3c1e785363f0875a1b74e27b85fd66c7,avalanche,https://raw.githubusercontent.com/certusone/wormhole-token-list/main/assets/AVAX_wh.png,E8JQstcwjuqN5kdMyUJLNuaectymnhffkvfg1j286UCr,
matic,BNB,Binance Coin (Wormhole),0xecdcb5b88f8e3c15f95c720c51c71c9e2080525d,bsc,0xbb4CdB9CBd36B01bD1cBaEBF2De08d9173bc095c,binance-coin,https://raw.githubusercontent.com/certusone/wormhole-token-list/main/assets/BNB_wh.png,4UPUurKveNEJgBqJzqHPyi8DhedvpYsMXi7d43CjAg2f,FjbKNZME5yVSC1R3HJM99kB3yir3q3frS5MteMFD72sV
matic,BUSDbs,Binance USD (Wormhole from BSC),0xa8d394fe7380b8ce6145d5f85e6ac22d4e91acde,bsc,0xe9e7cea3dedca5984780bafc599bd69add087d56,binance-usd,https://raw.githubusercontent.com/certusone/wormhole-token-list/main/assets/BUSDbs_wh.png,,
matic,ETH,Ether (Wormhole),0x11CD37bb86F65419713f30673A480EA33c826872,eth,0xc02aaa39b223fe8d0a0e5c4f27ead9083c756cc2,ether,https://raw.githubusercontent.com/certusone/wormhole-token-list/main/assets/ETH_wh.png,8Gmi2HhZmwQPVdCwzS7CM66MGstMXPcTVHA7jF19cLZz,ch7kmPrtoQUSEPBggcNAvLGiMQkJagVwd3gDYfd8m7Q
matic,ORION,Orion Money (Wormhole),0x5E0294Af1732498C77F8dB015a2d52a76298542B,eth,0x727f064a78dc734d33eec18d5370aef32ffd46e4,orion-money,https://raw.githubusercontent.com/certusone/wormhole-token-list/main/assets/ORION_wh.png,,
matic,USDCet,USD Coin (Wormhole from Ethereum),0x4318cb63a2b8edf2de971e2f17f77097e499459d,eth,0xa0b86991c6218b36c1d19d4a2e9eb0ce3606eb48,usd-coin,https://raw.githubusercontent.com/certusone/wormhole-token-list/main/assets/USDCet_wh.png,,
matic,USDTet,Tether USD (Wormhole from Ethereum),0x9417669fBF23357D2774e9D421307bd5eA1006d2,eth,0xdac17f958d2ee523a2206206994597c13d831ec7,tether,https://raw.githubusercontent.com/certusone/wormhole-token-list/main/assets/USDTet_wh.png,,
matic,WBTC,Wrapped BTC (Wormhole),0x5D49c278340655B56609FdF8976eb0612aF3a0C3,eth,0x2260fac5e5542a773aa44fbcfedf7c193bc2c599,wrapped-bitcoin,https://raw.githubusercontent.com/certusone/wormhole-token-list/main/assets/WBTC_wh.png,,
matic,SOL,SOL (Wormhole),0xd93f7e271cb87c23aaa73edc008a79646d1f9912,sol,So11111111111111111111111111111111111111112,solana,https://raw.githubusercontent.com/certusone/wormhole-token-list/main/assets/SOL_wh.png,,
matic,USDCso,USD Coin (Wormhole from Solana),0x576cf361711cd940cd9c397bb98c4c896cbd38de,sol,EPjFWdd5AufqSSqeM2qN1xzybapC8G4wEGGkZwyTDt1v,usd-coin,https://raw.githubusercontent.com/certusone/wormhole-token-list/main/assets/USDCso_wh.png,,
matic,USDTso,Tether USD (Wormhole from Solana),0x3553f861dec0257bada9f8ed268bf0d74e45e89c,sol,Es9vMFrzaCERmJfrF4H2FYD4KCoNkY11McCe8BenwNYB,tether,https://raw.githubusercontent.com/certusone/wormhole-token-list/main/assets/USDTso_wh.png,,
matic,UST,UST (Wormhole),0xE6469Ba6D2fD6130788E0eA9C0a0515900563b59,terra,uusd,terra-usd,https://raw.githubusercontent.com/certusone/wormhole-token-list/main/assets/UST_wh.png,8WmckvEoVGZvtN8knjdzFGbWJ3Sr4BcWdyzSYuCrD4YK,
matic,LUNA,LUNA (Wormhole),0x9cd6746665D9557e1B9a775819625711d0693439,terra,uluna,terra-luna,https://raw.githubusercontent.com/certusone/wormhole-token-list/main/assets/LUNA_wh.png,HBTu8hNaoT3VyiSSzJYa8jwt9sDGKtJviSwFa11iXdmE,
avax,BNB,Binance Coin (Wormhole),0x442F7f22b1EE2c842bEAFf52880d4573E9201158,bsc,0xbb4CdB9CBd36B01bD1cBaEBF2De08d9173bc095c,binance-coin,https://raw.githubusercontent.com/certusone/wormhole-token-list/main/assets/BNB_wh.png,4UPUurKveNEJgBqJzqHPyi8DhedvpYsMXi7d43CjAg2f,FjbKNZME5yVSC1R3HJM99kB3yir3q3frS5MteMFD72sV
avax,BUSDbs,Binance USD (Wormhole from BSC),0xA41a6c7E25DdD361343e8Cb8cFa579bbE5eEdb7a,bsc,0xe9e7cea3dedca5984780bafc599bd69add087d56,binance-usd,https://raw.githubusercontent.com/certusone/wormhole-token-list/main/assets/BUSDbs_wh.png,,
avax,CAKE,PancakeSwap Token (Wormhole),0x98a4d09036Cc5337810096b1D004109686E56Afc,bsc,0x0e09fabb73bd3ade0a17ecc321fd13a19e81ce82,pancakeswap,https://raw.githubusercontent.com/certusone/wormhole-token-list/main/assets/CAKE_wh.png,,
avax,USDCbs,USD Coin (Wormhole from BSC),0x6145E8a910aE937913426BF32De2b26039728ACF,bsc,0x8ac76a51cc950d9822d68b83fe1ad97b32cd580d,usd-coin,https://raw.githubusercontent.com/certusone/wormhole-token-list/main/assets/USDCbs_wh.png,,
avax,USDTbs,Tether USD (Wormhole from BSC),0xA67BCC0D06d7d13A13A2AE30bF30f1B434f5a28B,bsc,0x55d398326f99059fF775485246999027B3197955,tether,https://raw.githubusercontent.com/certusone/wormhole-token-list/main/assets/USDTbs_wh.png,,
avax,ETH,Ether (Wormhole),0x8b82A291F83ca07Af22120ABa21632088fC92931,eth,0xc02aaa39b223fe8d0a0e5c4f27ead9083c756cc2,ether,https://raw.githubusercontent.com/certusone/wormhole-token-list/main/assets/ETH_wh.png,8Gmi2HhZmwQPVdCwzS7CM66MGstMXPcTVHA7jF19cLZz,ch7kmPrtoQUSEPBggcNAvLGiMQkJagVwd3gDYfd8m7Q
avax,USDCet,USD Coin (Wormhole from Ethereum),0xB24CA28D4e2742907115fECda335b40dbda07a4C,eth,0xa0b86991c6218b36c1d19d4a2e9eb0ce3606eb48,usd-coin,https://raw.githubusercontent.com/certusone/wormhole-token-list/main/assets/USDCet_wh.png,,
avax,MATICpo,MATIC (Wormhole from Polygon),0xf2f13f0B7008ab2FA4A2418F4ccC3684E49D20Eb,matic,0x0d500b1d8e8ef31e21c99d1db9a6444d3adf1270,polygon,https://raw.githubusercontent.com/certusone/wormhole-token-list/main/assets/MATICpo_wh.png,5WRoQxE59966N2XfD2wYy1uhuyKeoVJ9NBMH6r6RNYEF,
avax,USDCpo,USD Coin (PoS) (Wormhole from Polygon),0x543672E9CBEC728CBBa9C3Ccd99ed80aC3607FA8,matic,0x2791bca1f2de4661ed88a30c99a7a9449aa84174,usd-coin,https://raw.githubusercontent.com/certusone/wormhole-token-list/main/assets/USDCpo_wh.png,,
avax,ROSE,ROSE (Wormhole),0x12AF5C1a232675f62F405b5812A80e7a6F75D746,oasis,0x21C718C22D52d0F3a789b752D4c2fD5908a8A733,oasis-network,https://raw.githubusercontent.com/certusone/wormhole-token-list/main/assets/ROSE_wh.png,EybAYkmRKCyD4w8AErTG1bqmnvT85LFuPQPMCc8J3yD,
avax,SOL,SOL (Wormhole),0xFE6B19286885a4F7F55AdAD09C3Cd1f906D2478F,sol,So11111111111111111111111111111111111111112,solana,https://raw.githubusercontent.com/certusone/wormhole-token-list/main/assets/SOL_wh.png,,
avax,USDCso,USD Coin (Wormhole from Solana),0x0950Fc1AD509358dAeaD5eB8020a3c7d8b43b9DA,sol,EPjFWdd5AufqSSqeM2qN1xzybapC8G4wEGGkZwyTDt1v,usd-coin,https://raw.githubusercontent.com/certusone/wormhole-token-list/main/assets/USDCso_wh.png,,
avax,USDTso,Tether USD (Wormhole from Solana),0xF0FF231e3F1A50F83136717f287ADAB862f89431,sol,Es9vMFrzaCERmJfrF4H2FYD4KCoNkY11McCe8BenwNYB,tether,https://raw.githubusercontent.com/certusone/wormhole-token-list/main/assets/USDTso_wh.png,,
avax,UST,UST (Wormhole),0xb599c3590F42f8F995ECfa0f85D2980B76862fc1,terra,uusd,terra-usd,https://raw.githubusercontent.com/certusone/wormhole-token-list/main/assets/UST_wh.png,8WmckvEoVGZvtN8knjdzFGbWJ3Sr4BcWdyzSYuCrD4YK,
avax,LUNA,LUNA (Wormhole),0x70928E5B188def72817b7775F0BF6325968e563B,terra,uluna,terra-luna,https://raw.githubusercontent.com/certusone/wormhole-token-list/main/assets/LUNA_wh.png,HBTu8hNaoT3VyiSSzJYa8jwt9sDGKtJviSwFa11iXdmE,
oasis,AVAX,AVAX (Wormhole),0x32847e63E99D3a044908763056e25694490082F8,avax,0xb31f66aa3c1e785363f0875a1b74e27b85fd66c7,avalanche,https://raw.githubusercontent.com/certusone/wormhole-token-list/main/assets/AVAX_wh.png,E8JQstcwjuqN5kdMyUJLNuaectymnhffkvfg1j286UCr,
oasis,USDCav,USD Coin (Wormhole from Avalanche),0x05CbE6319Dcc937BdbDf0931466F4fFd0d392B47,avax,0xa7d7079b0fead91f3e65f86e8915cb59c1a4c664,usd-coin,https://raw.githubusercontent.com/certusone/wormhole-token-list/main/assets/USDCav_wh.png,,
oasis,USDTav,Tether USD (Wormhole from Avalanche),0x05832a0905E516f29344ADBa1c2052a788B10129,avax,0xc7198437980c041c805a1edcba50c1ce5db95118,tether,https://raw.githubusercontent.com/certusone/wormhole-token-list/main/assets/USDTav_wh.png,,
oasis,BNB,Binance Coin (Wormhole),0xd79Ef9A91b56c690C7b80570a3c060678667f469,bsc,0xbb4CdB9CBd36B01bD1cBaEBF2De08d9173bc095c,binance-coin,https://raw.githubusercontent.com/certusone/wormhole-token-list/main/assets/BNB_wh.png,4UPUurKveNEJgBqJzqHPyi8DhedvpYsMXi7d43CjAg2f,FjbKNZME5yVSC1R3HJM99kB3yir3q3frS5MteMFD72sV
oasis,BUSDbs,Binance USD (Wormhole from BSC),0xf6568FD76f9fcD1f60f73b730F142853c5eF627E,bsc,0xe9e7cea3dedca5984780bafc599bd69add087d56,binance-usd,https://raw.githubusercontent.com/certusone/wormhole-token-list/main/assets/BUSDbs_wh.png,,
oasis,USDCbs,USD Coin (Wormhole from BSC),0x4cA2A3De42eabC8fd8b0AC46127E64DB08b9150e,bsc,0x8ac76a51cc950d9822d68b83fe1ad97b32cd580d,usd-coin,https://raw.githubusercontent.com/certusone/wormhole-token-list/main/assets/USDCbs_wh.png,,
oasis,USDTbs,Tether USD (Wormhole from BSC),0x366EF31C8dc715cbeff5fA54Ad106dC9c25C6153,bsc,0x55d398326f99059fF775485246999027B3197955,tether,https://raw.githubusercontent.com/certusone/wormhole-token-list/main/assets/USDTbs_wh.png,,
oasis,ETH,Ether (Wormhole),0x3223f17957Ba502cbe71401D55A0DB26E5F7c68F,eth,0xc02aaa39b223fe8d0a0e5c4f27ead9083c756cc2,ether,https://raw.githubusercontent.com/certusone/wormhole-token-list/main/assets/ETH_wh.png,8Gmi2HhZmwQPVdCwzS7CM66MGstMXPcTVHA7jF19cLZz,ch7kmPrtoQUSEPBggcNAvLGiMQkJagVwd3gDYfd8m7Q
oasis,USDCet,USD Coin (Wormhole from Ethereum),0xE8A638b3B7565Ee7c5eb9755E58552aFc87b94DD,eth,0xa0b86991c6218b36c1d19d4a2e9eb0ce3606eb48,usd-coin,https://raw.githubusercontent.com/certusone/wormhole-token-list/main/assets/USDCet_wh.png,,
oasis,USDTet,Tether USD (Wormhole from Ethereum),0xdC19A122e268128B5eE20366299fc7b5b199C8e3,eth,0xdac17f958d2ee523a2206206994597c13d831ec7,tether,https://raw.githubusercontent.com/certusone/wormhole-token-list/main/assets/USDTet_wh.png,,
oasis,WBTC,Wrapped BTC (Wormhole),0xd43ce0aa2a29DCb75bDb83085703dc589DE6C7eb,eth,0x2260fac5e5542a773aa44fbcfedf7c193bc2c599,wrapped-bitcoin,https://raw.githubusercontent.com/certusone/wormhole-token-list/main/assets/WBTC_wh.png,,
oasis,USDCpo,USD Coin (PoS) (Wormhole from Polygon),0x3E62a9c3aF8b810dE79645C4579acC8f0d06a241,matic,0x2791bca1f2de4661ed88a30c99a7a9449aa84174,usd-coin,https://raw.githubusercontent.com/certusone/wormhole-token-list/main/assets/USDCpo_wh.png,,
oasis,USDTpo,Tether USD (PoS) (Wormhole from Polygon),0xFffD69E757d8220CEA60dc80B9Fe1a30b58c94F3,matic,0xc2132d05d31c914a87c6611c10748aeb04b58e8f,tether,https://raw.githubusercontent.com/certusone/wormhole-token-list/main/assets/USDTpo_wh.png,,
oasis,SOL,SOL (Wormhole),0xd17dDAC91670274F7ba1590a06EcA0f2FD2b12bc,sol,So11111111111111111111111111111111111111112,solana,https://raw.githubusercontent.com/certusone/wormhole-token-list/main/assets/SOL_wh.png,,
oasis,USDCso,USD Coin (Wormhole from Solana),0x1d1149a53deB36F2836Ae7877c9176413aDfA4A8,sol,EPjFWdd5AufqSSqeM2qN1xzybapC8G4wEGGkZwyTDt1v,usd-coin,https://raw.githubusercontent.com/certusone/wormhole-token-list/main/assets/USDCso_wh.png,,
oasis,USDTso,Tether USD (Wormhole from Solana),0x24285C5232ce3858F00bacb950Cae1f59d1b2704,sol,Es9vMFrzaCERmJfrF4H2FYD4KCoNkY11McCe8BenwNYB,tether,https://raw.githubusercontent.com/certusone/wormhole-token-list/main/assets/USDTso_wh.png,,
oasis,mSOL,Marinade staked SOL (Wormhole),0x5E11A4f64D3B9fA042dB9e1AA918F735038FdfD8,sol,mSoLzYCxHdYgdzU16g5QSh3i5K3z3KZK7ytfqcJm7So,marinade-staked-sol,https://raw.githubusercontent.com/certusone/wormhole-token-list/main/assets/mSOL_wh.png,,
oasis,UST,UST (Wormhole),0xa1E73c01E0cF7930F5e91CB291031739FE5Ad6C2,terra,uusd,terra-usd,https://raw.githubusercontent.com/certusone/wormhole-token-list/main/assets/UST_wh.png,8WmckvEoVGZvtN8knjdzFGbWJ3Sr4BcWdyzSYuCrD4YK,
oasis,LUNA,LUNA (Wormhole),0x4F43717B20ae319Aa50BC5B2349B93af5f7Ac823,terra,uluna,terra-luna,https://raw.githubusercontent.com/certusone/wormhole-token-list/main/assets/LUNA_wh.png,HBTu8hNaoT3VyiSSzJYa8jwt9sDGKtJviSwFa11iXdmE,
ftm,USDCet,USD Coin (Wormhole from Ethereum),0x2Ec752329c3EB419136ca5e4432Aa2CDb1eA23e6,eth,0xa0b86991c6218b36c1d19d4a2e9eb0ce3606eb48,usd-coin,https://raw.githubusercontent.com/certusone/wormhole-token-list/main/assets/USDCet_wh.png,,
ftm,SOL,SOL (Wormhole),0xd99021C2A33e4Cf243010539c9e9b7c52E0236c1,sol,So11111111111111111111111111111111111111112,solana,https://raw.githubusercontent.com/certusone/wormhole-token-list/main/assets/SOL_wh.png,,
ftm,USDCso,USD Coin (Wormhole from Solana),0xb8398DA4FB3BC4306B9D9d9d13d9573e7d0E299f,sol,EPjFWdd5AufqSSqeM2qN1xzybapC8G4wEGGkZwyTDt1v,usd-coin,https://raw.githubusercontent.com/certusone/wormhole-token-list/main/assets/USDCso_wh.png,,
ftm,UST,UST (Wormhole),0x846e4D51d7E2043C1a87E0Ab7490B93FB940357b,terra,uusd,terra-usd,https://raw.githubusercontent.com/certusone/wormhole-token-list/main/assets/UST_wh.png,8WmckvEoVGZvtN8knjdzFGbWJ3Sr4BcWdyzSYuCrD4YK,
