symbol,name,destAddresses,sourceAddress,coingeckoId,logo,ethAddress,ethMarkets,terraAddress,terraMarkets,bscAddress,bscMarkets,maticAddress,maticMarkets,avaxAddress,avaxMarkets,oasisAddress,oasisMarkets,source,solAddress,solMarkets
ATLAS,Star Atlas (Wormhole),"{'eth': '0xb9F747162AB1E95d07361f9048BcDF6eDdA9eEA7', 'terra': 'terra1rg8f993m9834afwazersesgx7jjxv4p87q9wvc', 'bsc': '0x83850D97018f665EB746FBb8f18351e977d1b0D6'}",ATLASXmbPQxBUYbxPsV97usA3fPQYEqzQBUHgiFCUsXx,star-atlas,https://raw.githubusercontent.com/solana-labs/token-list/main/assets/mainnet/ATLASXmbPQxBUYbxPsV97usA3fPQYEqzQBUHgiFCUsXx/logo.png,0xb9F747162AB1E95d07361f9048BcDF6eDdA9eEA7,,terra1rg8f993m9834afwazersesgx7jjxv4p87q9wvc,,0x83850D97018f665EB746FBb8f18351e977d1b0D6,['pancakeswap'],,,,,,,sol,,
AURY,Aurory (Wormhole),{'bsc': '0xF5a367b7809e5683538C93Ce638B9258A0B88271'},AURYydfxJib1ZkTir1Jn1J9ECYUtjb6rKQVmtYaixWPP,aurory,https://raw.githubusercontent.com/solana-labs/token-list/main/assets/mainnet/AURYydfxJib1ZkTir1Jn1J9ECYUtjb6rKQVmtYaixWPP/logo.png,,,,,0xF5a367b7809e5683538C93Ce638B9258A0B88271,['pancakeswap'],,,,,,,sol,,
RAY,Raydium (Wormhole),"{'eth': '0xE617dd80c621a5072bD8cBa65E9d76c07327004d', 'terra': 'terra1ht5sepn28z999jx33sdduuxm9acthad507jg9q', 'bsc': '0x13b6A55662f6591f8B8408Af1C73B017E32eEdB8'}",4k3Dyjzvzp8eMZWUXbBCjEvwSkkk59S5iCNLY3QrkX6R,raydium,https://raw.githubusercontent.com/solana-labs/token-list/main/assets/mainnet/4k3Dyjzvzp8eMZWUXbBCjEvwSkkk59S5iCNLY3QrkX6R/logo.png,0xE617dd80c621a5072bD8cBa65E9d76c07327004d,,terra1ht5sepn28z999jx33sdduuxm9acthad507jg9q,,0x13b6A55662f6591f8B8408Af1C73B017E32eEdB8,['pancakeswap'],,,,,,,sol,,
SBR,Saber (Wormhole),"{'terra': 'terra17h82zsq6q8x5tsgm5ugcx4gytw3axguvzt4pkc', 'bsc': '0x75344E5693ed5ecAdF4f292fFeb866c2cF8afCF1'}",Saber2gLauYim4Mvftnrasomsv6NvAuncvMEZwcLpD1,saber,https://raw.githubusercontent.com/solana-labs/token-list/main/assets/mainnet/Saber2gLauYim4Mvftnrasomsv6NvAuncvMEZwcLpD1/logo.svg,,,terra17h82zsq6q8x5tsgm5ugcx4gytw3axguvzt4pkc,,0x75344E5693ed5ecAdF4f292fFeb866c2cF8afCF1,,,,,,,,sol,,
SOL,SOL (Wormhole),"{'eth': '0xD31a59c85aE9D8edEFeC411D448f90841571b89c', 'terra': 'terra190tqwgqx7s8qrknz6kckct7v607cu068gfujpk', 'bsc': '0xfA54fF1a158B5189Ebba6ae130CEd6bbd3aEA76e', 'avax': '0xFE6B19286885a4F7F55AdAD09C3Cd1f906D2478F', 'matic': '0xd93f7e271cb87c23aaa73edc008a79646d1f9912'}",So11111111111111111111111111111111111111112,solana,https://raw.githubusercontent.com/solana-labs/token-list/main/assets/mainnet/So11111111111111111111111111111111111111112/logo.png,0xD31a59c85aE9D8edEFeC411D448f90841571b89c,['uniswap'],terra190tqwgqx7s8qrknz6kckct7v607cu068gfujpk,,0xfA54fF1a158B5189Ebba6ae130CEd6bbd3aEA76e,['pancakeswap'],0xd93f7e271cb87c23aaa73edc008a79646d1f9912,['quickswap'],0xFE6B19286885a4F7F55AdAD09C3Cd1f906D2478F,['traderjoe'],,,sol,,
SRMso,Serum (Wormhole from Solana),"{'eth': '0xE3ADAA4fb7c92AB833Ee08B3561D9c434aA2A3eE', 'terra': 'terra1dkam9wd5yvaswv4yq3n2aqd4wm5j8n82qc0c7c', 'bsc': '0x12BeffdCEcb547640DC30e1495E4B9cdc21922b4'}",SRMuApVNdxXokk5GT7XD5cUUgXMBCoAz2LHeuAoKWRt,serum,https://raw.githubusercontent.com/solana-labs/token-list/main/assets/mainnet/xnorPhAzWXUczCP3KjU5yDxmKKZi5cSbxytQ1LgE3kG/logo.png,0xE3ADAA4fb7c92AB833Ee08B3561D9c434aA2A3eE,,terra1dkam9wd5yvaswv4yq3n2aqd4wm5j8n82qc0c7c,,0x12BeffdCEcb547640DC30e1495E4B9cdc21922b4,,,,,,,,sol,,
USDCso,USD Coin (Wormhole from Solana),"{'eth': '0x41f7B8b9b897276b7AAE926a9016935280b44E97', 'terra': 'terra1e6mq63y64zcxz8xyu5van4tgkhemj3r86yvgu4', 'bsc': '0x91Ca579B0D47E5cfD5D0862c21D5659d39C8eCf0', 'avax': '0x0950Fc1AD509358dAeaD5eB8020a3c7d8b43b9DA', 'matic': '0x576cf361711cd940cd9c397bb98c4c896cbd38de'}",EPjFWdd5AufqSSqeM2qN1xzybapC8G4wEGGkZwyTDt1v,usd-coin,https://raw.githubusercontent.com/solana-labs/token-list/main/assets/mainnet/EPjFWdd5AufqSSqeM2qN1xzybapC8G4wEGGkZwyTDt1v/logo.png,0x41f7B8b9b897276b7AAE926a9016935280b44E97,['uniswap'],terra1e6mq63y64zcxz8xyu5van4tgkhemj3r86yvgu4,,0x91Ca579B0D47E5cfD5D0862c21D5659d39C8eCf0,['pancakeswap'],0x576cf361711cd940cd9c397bb98c4c896cbd38de,['quickswap'],0x0950Fc1AD509358dAeaD5eB8020a3c7d8b43b9DA,,,,sol,,
USDTso,Tether USD (Wormhole from Solana),"{'eth': '0x1CDD2EaB61112697626F7b4bB0e23Da4FeBF7B7C', 'terra': 'terra1hd9n65snaluvf7en0p4hqzse9eqecejz2k8rl5', 'bsc': '0x49d5cC521F75e13fa8eb4E89E9D381352C897c96', 'avax': '0xF0FF231e3F1A50F83136717f287ADAB862f89431', 'matic': '0x3553f861dec0257bada9f8ed268bf0d74e45e89c'}",Es9vMFrzaCERmJfrF4H2FYD4KCoNkY11McCe8BenwNYB,tether,https://raw.githubusercontent.com/solana-labs/token-list/main/assets/mainnet/Es9vMFrzaCERmJfrF4H2FYD4KCoNkY11McCe8BenwNYB/logo.svg,0x1CDD2EaB61112697626F7b4bB0e23Da4FeBF7B7C,['uniswap'],terra1hd9n65snaluvf7en0p4hqzse9eqecejz2k8rl5,,0x49d5cC521F75e13fa8eb4E89E9D381352C897c96,['pancakeswap'],0x3553f861dec0257bada9f8ed268bf0d74e45e89c,['quickswap'],0xF0FF231e3F1A50F83136717f287ADAB862f89431,,,,sol,,
mSOL,Marinade staked SOL (Wormhole),"{'eth': '0x756bFb452cFE36A5Bc82e4F5f4261A89a18c242b', 'terra': 'terra1qvlpf2v0zmru3gtex40sqq02wxp39x3cjh359y'}",mSoLzYCxHdYgdzU16g5QSh3i5K3z3KZK7ytfqcJm7So,marinade-staked-sol,https://raw.githubusercontent.com/solana-labs/token-list/main/assets/mainnet/mSoLzYCxHdYgdzU16g5QSh3i5K3z3KZK7ytfqcJm7So/logo.png,0x756bFb452cFE36A5Bc82e4F5f4261A89a18c242b,,terra1qvlpf2v0zmru3gtex40sqq02wxp39x3cjh359y,,,,,,,,,,sol,,
1INCH,1INCH Token (Wormhole from Ethereum),{'sol': 'AjkPkq3nsyDe1yKcbyZT7N4aK4Evv9om9tzhQD3wsRC'},0x111111111117dC0aa78b770fA6A738034120C302,1inch,,,,,,,,,,,,,,eth,AjkPkq3nsyDe1yKcbyZT7N4aK4Evv9om9tzhQD3wsRC,['dexlab']
1SOL,1sol.io (Wormhole),{'sol': '4ThReWAbAVZjNVgs5Ui9Pk3cZ5TYaD9u6Y89fp6EFzoF'},0x009178997aff09a67d4caccfeb897fb79d036214,1sol,https://raw.githubusercontent.com/solana-labs/token-list/main/assets/mainnet/4ThReWAbAVZjNVgs5Ui9Pk3cZ5TYaD9u6Y89fp6EFzoF/logo.png,,,,,,,,,,,,,eth,4ThReWAbAVZjNVgs5Ui9Pk3cZ5TYaD9u6Y89fp6EFzoF,
AAVE,Aave Token (Wormhole from Ethereum),{'sol': '3vAs4D1WE6Na4tCgt4BApgFfENbm8WY7q4cSPD1yM4Cg'},0x7Fc66500c84A76Ad7e9c93437bFc5Ac33E2DDaE9,aave,,,,,,,,,,,,,,eth,3vAs4D1WE6Na4tCgt4BApgFfENbm8WY7q4cSPD1yM4Cg,['dexlab']
AKRO,Akropolis (Wormhole from Ethereum),{'sol': '12uHjozDVgyGWeLqQ8DMCRbig8amW5VmvZu3FdMMdcaG'},0x8ab7404063ec4dbcfd4598215992dc3f8ec853d7,akropolis,https://raw.githubusercontent.com/solana-labs/token-list/main/assets/mainnet/G3h8NZgJozk9crme2me6sKDJuSQ12mNCtvC9NbSWqGuk/logo.png,,,,,,,,,,,,,eth,12uHjozDVgyGWeLqQ8DMCRbig8amW5VmvZu3FdMMdcaG,['dexlab']
AXSet,Axie Infinity Shard (Wormhole from Ethereum),"{'sol': 'HysWcbHiYY9888pHbaqhwLYZQeZrcQMXKQWRqS7zcPK5', 'bsc': '0x556b60c53fbC1518Ad17E03d52E47368dD4d81B3'}",0xbb0e17ef65f82ab018d8edd776e8dd940327b28b,axie-infinity,https://etherscan.io/token/images/axieinfinityshard_32.png,,,,,0x556b60c53fbC1518Ad17E03d52E47368dD4d81B3,,,,,,,,eth,HysWcbHiYY9888pHbaqhwLYZQeZrcQMXKQWRqS7zcPK5,"['raydium', 'francium']"
BUSDet,Binance USD (Wormhole from Ethereum),"{'sol': '33fsBLA8djQm82RpHmE3SuVrPGtZBWNYExsEUeKX1HXX', 'bsc': '0x035de3679E692C471072d1A09bEb9298fBB2BD31'}",0x4fabb145d64652a948d72533023f6e7a623c7c53,binance-usd,https://raw.githubusercontent.com/solana-labs/token-list/main/assets/mainnet/33fsBLA8djQm82RpHmE3SuVrPGtZBWNYExsEUeKX1HXX/logo.png,,,,,0x035de3679E692C471072d1A09bEb9298fBB2BD31,,,,,,,,eth,33fsBLA8djQm82RpHmE3SuVrPGtZBWNYExsEUeKX1HXX,"['saber', 'sunny']"
CREAM,Cream (Wormhole),{'sol': 'HihxL2iM6L6P1oqoSeiixdJ3PhPYNxvSKH9A2dDqLVDH'},0x2ba592f78db6436527729929aaf6c908497cb200,cream,,,,,,,,,,,,,,eth,HihxL2iM6L6P1oqoSeiixdJ3PhPYNxvSKH9A2dDqLVDH,['dexlab']
DAI,DAI (Wormhole),"{'sol': 'EjmyN6qEC1Tf1JxiG1ae7UTJhUxSwk1TCWNWqxWV4J6o', 'bsc': '0x3413a030EF81a3dD5a302F4B4D11d911e12ed337', 'terra': 'terra1zmclyfepfmqvfqflu8r3lv6f75trmg05z7xq95'}",0x6b175474e89094c44da98b954eedeac495271d0f,dai,https://raw.githubusercontent.com/solana-labs/token-list/main/assets/mainnet/xnorPhAzWXUczCP3KjU5yDxmKKZi5cSbxytQ1LgE3kG/logo.png,,,terra1zmclyfepfmqvfqflu8r3lv6f75trmg05z7xq95,,0x3413a030EF81a3dD5a302F4B4D11d911e12ed337,,,,,,,,eth,EjmyN6qEC1Tf1JxiG1ae7UTJhUxSwk1TCWNWqxWV4J6o,"['saber', 'mercurial', 'jupiter', 'sunny']"
DYDX,dYdX (Wormhole),{'sol': '4Hx6Bj56eGyw8EJrrheM6LBQAvVYRikYCWsALeTrwyRU'},0x92d6c1e31e14520e676a687f0a93788b716beff5,dydx,https://etherscan.io/token/images/dydx2_32.png,,,,,,,,,,,,,eth,4Hx6Bj56eGyw8EJrrheM6LBQAvVYRikYCWsALeTrwyRU,"['raydium', 'francium']"
ETH,Ether (Wormhole),"{'sol': '7vfCXTUXx5WJV5JADk17DUJ4ksgau7utNKj4b963voxs', 'bsc': '0x4DB5a66E937A9F4473fA95b1cAF1d1E1D62E29EA', 'terra': 'terra14tl83xcwqjy0ken9peu4pjjuu755lrry2uy25r', 'matic': '0x11CD37bb86F65419713f30673A480EA33c826872', 'avax': '0x8b82A291F83ca07Af22120ABa21632088fC92931'}",0xc02aaa39b223fe8d0a0e5c4f27ead9083c756cc2,ether,https://raw.githubusercontent.com/solana-labs/token-list/main/assets/mainnet/7vfCXTUXx5WJV5JADk17DUJ4ksgau7utNKj4b963voxs/logo.png,,,terra14tl83xcwqjy0ken9peu4pjjuu755lrry2uy25r,['loop'],0x4DB5a66E937A9F4473fA95b1cAF1d1E1D62E29EA,['pancakeswap'],0x11CD37bb86F65419713f30673A480EA33c826872,['quickswap'],0x8b82A291F83ca07Af22120ABa21632088fC92931,,,,eth,7vfCXTUXx5WJV5JADk17DUJ4ksgau7utNKj4b963voxs,"['orca', 'saber', 'tulip', 'port', 'sunny', 'francium', 'raydium', 'atrix', 'dexlab']"
FRAX,Frax (Wormhole),{'sol': 'FR87nWEUxVgerFGhZM8Y4AggKGLnaXswr1Pd8wZ4kZcp'},0x853d955acef822db058eb8505911ed77f175b99e,frax,https://raw.githubusercontent.com/solana-labs/token-list/main/assets/mainnet/FR87nWEUxVgerFGhZM8Y4AggKGLnaXswr1Pd8wZ4kZcp/logo.png,,,,,,,,,,,,,eth,FR87nWEUxVgerFGhZM8Y4AggKGLnaXswr1Pd8wZ4kZcp,"['saber', 'sunny']"
FTT,FTX Token (Wormhole),"{'sol': 'EzfgjvkSwthhgHaceR3LnKXUoRkP6NUhfghdaHAj1tUv', 'bsc': '0x49BA054B9664e99ac335667a917c63bB94332E84'}",0x50d1c9771902476076ecfc8b2a83ad6b9355a4c9,ftx-token,https://raw.githubusercontent.com/solana-labs/token-list/main/assets/mainnet/EzfgjvkSwthhgHaceR3LnKXUoRkP6NUhfghdaHAj1tUv/logo.png,,,,,0x49BA054B9664e99ac335667a917c63bB94332E84,,,,,,,,eth,EzfgjvkSwthhgHaceR3LnKXUoRkP6NUhfghdaHAj1tUv,"['saber', 'almond', 'tulip', 'mercurial', 'sunny', 'dexlab']"
FXS,Frax Share (Wormhole),{'sol': '6LX8BhMQ4Sy2otmAWj7Y5sKd9YTVVUgfMsBzT6B9W7ct'},0x3432b6a60d23ca0dfca7761b7ab56459d9c964d0,frax-share,https://raw.githubusercontent.com/solana-labs/token-list/main/assets/mainnet/6LX8BhMQ4Sy2otmAWj7Y5sKd9YTVVUgfMsBzT6B9W7ct/logo.png,,,,,,,,,,,,,eth,6LX8BhMQ4Sy2otmAWj7Y5sKd9YTVVUgfMsBzT6B9W7ct,
GRT,Graph Token (Wormhole from Ethereum),{'sol': 'HGsLG4PnZ28L8A4R5nPqKgZd86zUUdmfnkTRnuFJ5dAX'},0xc944E90C64B2c07662A292be6244BDf05Cda44a7,the-graph,,,,,,,,,,,,,,eth,HGsLG4PnZ28L8A4R5nPqKgZd86zUUdmfnkTRnuFJ5dAX,['dexlab']
HBTC,Huobi BTC (Wormhole),{'sol': '7dVH61ChzgmN9BwG4PkzwRP8PbYwPJ7ZPNF2vamKT2H8'},0x0316eb71485b0ab14103307bf65a021042c6d380,huobi-btc,https://raw.githubusercontent.com/solana-labs/token-list/main/assets/mainnet/7dVH61ChzgmN9BwG4PkzwRP8PbYwPJ7ZPNF2vamKT2H8/logo.png,,,,,,,,,,,,,eth,7dVH61ChzgmN9BwG4PkzwRP8PbYwPJ7ZPNF2vamKT2H8,['saber']
HUSD,HUSD Stablecoin (Wormhole),{'sol': '7VQo3HFLNH5QqGtM8eC3XQbPkJUu7nS9LeGWjerRh5Sw'},0xdf574c24545e5ffecb9a659c229253d4111d87e1,husd,https://raw.githubusercontent.com/solana-labs/token-list/main/assets/mainnet/7VQo3HFLNH5QqGtM8eC3XQbPkJUu7nS9LeGWjerRh5Sw/logo.png,,,,,,,,,,,,,eth,7VQo3HFLNH5QqGtM8eC3XQbPkJUu7nS9LeGWjerRh5Sw,"['saber', 'sunny']"
LDO,Lido DAO (Wormhole),"{'bsc': '0x986854779804799C1d68867F5E03e601E781e41b', 'sol': 'HZRCwxP2Vq9PCpPXooayhJ2bxTpo5xfpQrwB1svh332p', 'terra': 'terra1jxypgnfa07j6w92wazzyskhreq2ey2a5crgt6z'}",0x5a98fcbea516cf06857215779fd812ca3bef1b32,lido-dao,https://raw.githubusercontent.com/solana-labs/token-list/main/assets/mainnet/HZRCwxP2Vq9PCpPXooayhJ2bxTpo5xfpQrwB1svh332p/logo.png,,,terra1jxypgnfa07j6w92wazzyskhreq2ey2a5crgt6z,,0x986854779804799C1d68867F5E03e601E781e41b,,,,,,,,eth,HZRCwxP2Vq9PCpPXooayhJ2bxTpo5xfpQrwB1svh332p,
LINK,Chainlink (Wormhole),"{'sol': '2wpTofQ8SkACrkZWrZDjXPitYa8AwWgX8AfxdeBRRVLX', 'terra': 'terra12dfv3f0e6m22z6cnhfn3nxk2en3z3zeqy6ctym'}",0x514910771af9ca656af840dff83e8264ecf986ca,chainlink,https://raw.githubusercontent.com/solana-labs/token-list/main/assets/mainnet/2wpTofQ8SkACrkZWrZDjXPitYa8AwWgX8AfxdeBRRVLX/logo.png,,,terra12dfv3f0e6m22z6cnhfn3nxk2en3z3zeqy6ctym,,,,,,,,,,eth,2wpTofQ8SkACrkZWrZDjXPitYa8AwWgX8AfxdeBRRVLX,"['atrix', 'dexlab']"
MANA,Decentraland (Wormhole),{'sol': '7dgHoN8wBZCc5wbnQ2C47TDnBMAxG4Q5L3KjP67z8kNi'},0x0F5D2fB29fb7d3CFeE444a200298f468908cC942,decentraland,https://assets.coingecko.com/coins/images/878/thumb/decentraland-mana.png,,,,,,,,,,,,,eth,7dgHoN8wBZCc5wbnQ2C47TDnBMAxG4Q5L3KjP67z8kNi,"['raydium', 'francium']"
MIMet,Magic Internet Money (Wormhole from Ethereum),"{'sol': 'HRQke5DKdDo3jV7wnomyiM8AA3EzkVnxMDdo2FQ5XUe1', 'terra': 'terra15a9dr3a2a2lj5fclrw35xxg9yuxg0d908wpf2y'}",0x99d8a9c45b2eca8864373a26d1459e3dff1e17f3,magic-internet-money,https://raw.githubusercontent.com/solana-labs/token-list/main/assets/mainnet/HRQke5DKdDo3jV7wnomyiM8AA3EzkVnxMDdo2FQ5XUe1/logo.png,,,terra15a9dr3a2a2lj5fclrw35xxg9yuxg0d908wpf2y,,,,,,,,,,eth,HRQke5DKdDo3jV7wnomyiM8AA3EzkVnxMDdo2FQ5XUe1,
ORION,Orion Money (Wormhole from Ethereum),"{'terra': 'terra1mddcdx0ujx89f38gu7zspk2r2ffdl5enyz2u03', 'bsc': '0x3dcB18569425930954feb191122e574b87F66abd', 'matic': '0x5E0294Af1732498C77F8dB015a2d52a76298542B'}",0x727f064a78dc734d33eec18d5370aef32ffd46e4,orion-money,https://assets.coingecko.com/coins/images/18630/small/YtrqPIWc.png,,,terra1mddcdx0ujx89f38gu7zspk2r2ffdl5enyz2u03,,0x3dcB18569425930954feb191122e574b87F66abd,,0x5E0294Af1732498C77F8dB015a2d52a76298542B,,,,,,eth,,
PAXG,Paxos Gold (Wormhole),{'sol': 'C6oFsE8nXRDThzrMEQ5SxaNFGKoyyfWDDVPw37JKvPTe'},0x45804880de22913dafe09f4980848ece6ecbaf78,pax-gold,,,,,,,,,,,,,,eth,C6oFsE8nXRDThzrMEQ5SxaNFGKoyyfWDDVPw37JKvPTe,['dexlab']
RSR,Reserve Rights (Wormhole),{'sol': 'DkbE8U4gSRuGHcVMA1LwyZPYUjYbfEbjW8DMR3iSXBzr'},0x8762db106B2c2A0bccB3A80d1Ed41273552616E8,reserve-rights-token,,,,,,,,,,,,,,eth,DkbE8U4gSRuGHcVMA1LwyZPYUjYbfEbjW8DMR3iSXBzr,['dexlab']
SAND,The Sandbox (Wormhole),{'sol': '49c7WuCZkQgc3M4qH8WuEUNXfgwupZf1xqWkDQ7gjRGt'},0x3845badAde8e6dFF049820680d1F14bD3903a5d0,the-sandbox,https://gemini.com/images/currencies/icons/default/sand.svg,,,,,,,,,,,,,eth,49c7WuCZkQgc3M4qH8WuEUNXfgwupZf1xqWkDQ7gjRGt,"['raydium', 'francium']"
SHIB,Shiba Inu (Wormhole),"{'sol': 'CiKu4eHsVrc1eueVQeHn7qhXTcVu95gSQmBpX4utjL9z', 'bsc': '0xb1547683DA678f2e1F003A780143EC10Af8a832B', 'terra': 'terra1huku2lecfjhq9d00k5a8dh73gw7dwe6vvuf2dd'}",0x95ad61b0a150d79219dcf64e1e6cc01f0b64c4ce,shiba-inu,https://etherscan.io/token/images/shibatoken_32.png,,,terra1huku2lecfjhq9d00k5a8dh73gw7dwe6vvuf2dd,,0xb1547683DA678f2e1F003A780143EC10Af8a832B,,,,,,,,eth,CiKu4eHsVrc1eueVQeHn7qhXTcVu95gSQmBpX4utjL9z,"['raydium', 'francium']"
SRMet,Serum (Wormhole from Ethereum),"{'sol': 'xnorPhAzWXUczCP3KjU5yDxmKKZi5cSbxytQ1LgE3kG', 'bsc': '0xd63CDf02853D759831550fAe7dF8FFfE0B317b39'}",0x476c5e26a75bd202a9683ffd34359c0cc15be0ff,serum,https://raw.githubusercontent.com/solana-labs/token-list/main/assets/mainnet/xnorPhAzWXUczCP3KjU5yDxmKKZi5cSbxytQ1LgE3kG/logo.png,,,,,0xd63CDf02853D759831550fAe7dF8FFfE0B317b39,,,,,,,,eth,xnorPhAzWXUczCP3KjU5yDxmKKZi5cSbxytQ1LgE3kG,"['saber', 'almond']"
SUSHI,SushiToken (Wormhole),"{'sol': 'ChVzxWRmrTeSgwd3Ui3UumcN8KX7VK3WaD4KGeSKpypj', 'bsc': '0x3524fd7488fdb1F4723BBc22C9cbD1Bf89f46E3B', 'terra': 'terra1csvuzlf92nyemu6tv25h0l79etpe8hz3h5vn4a'}",0x6b3595068778dd592e39a122f4f5a5cf09c90fe2,sushi,https://etherscan.io/token/images/sushitoken_32.png,,,terra1csvuzlf92nyemu6tv25h0l79etpe8hz3h5vn4a,,0x3524fd7488fdb1F4723BBc22C9cbD1Bf89f46E3B,,,,,,,,eth,ChVzxWRmrTeSgwd3Ui3UumcN8KX7VK3WaD4KGeSKpypj,"['raydium', 'tulip', 'francium', 'atrix', 'dexlab']"
UNI,Uniswap (Wormhole),"{'sol': '8FU95xFJhUUkyyCLU13HSzDLs7oC4QZdXQHL6SCeab36', 'terra': 'terra1wyxkuy5jq545fn7xfn3enpvs5zg9f9dghf6gxf'}",0x1f9840a85d5af5bf1d1762f925bdaddc4201f984,uniswap,https://etherscan.io/token/images/uniswap_32.png,,,terra1wyxkuy5jq545fn7xfn3enpvs5zg9f9dghf6gxf,,,,,,,,,,eth,8FU95xFJhUUkyyCLU13HSzDLs7oC4QZdXQHL6SCeab36,"['raydium', 'tulip', 'francium', 'dexlab']"
USDCet,USD Coin (Wormhole from Ethereum),"{'sol': 'A9mUU4qviSctJVPJdBJWkb28deg915LYJKrzQ19ji3FM', 'terra': 'terra1pepwcav40nvj3kh60qqgrk8k07ydmc00xyat06', 'bsc': '0xB04906e95AB5D797aDA81508115611fee694c2b3', 'avax': '0xB24CA28D4e2742907115fECda335b40dbda07a4C', 'matic': '0x4318cb63a2b8edf2de971e2f17f77097e499459d', 'oasis': '0xE8A638b3B7565Ee7c5eb9755E58552aFc87b94DD'}",0xa0b86991c6218b36c1d19d4a2e9eb0ce3606eb48,usd-coin,https://raw.githubusercontent.com/solana-labs/token-list/main/assets/mainnet/EPjFWdd5AufqSSqeM2qN1xzybapC8G4wEGGkZwyTDt1v/logo.png,,,terra1pepwcav40nvj3kh60qqgrk8k07ydmc00xyat06,,0xB04906e95AB5D797aDA81508115611fee694c2b3,['pancakeswap'],0x4318cb63a2b8edf2de971e2f17f77097e499459d,['quickswap'],0xB24CA28D4e2742907115fECda335b40dbda07a4C,,0xE8A638b3B7565Ee7c5eb9755E58552aFc87b94DD,['yuzu'],eth,A9mUU4qviSctJVPJdBJWkb28deg915LYJKrzQ19ji3FM,"['saber', 'mercurial', 'jupiter', 'sunny']"
USDK,USDK (Wormhole),{'sol': '43m2ewFV5nDepieFjT9EmAQnc1HRtAF247RBpLGFem5F'},0x1c48f86ae57291f7686349f12601910bd8d470bb,usdk,https://raw.githubusercontent.com/solana-labs/token-list/main/assets/mainnet/43m2ewFV5nDepieFjT9EmAQnc1HRtAF247RBpLGFem5F/logo.png,,,,,,,,,,,,,eth,43m2ewFV5nDepieFjT9EmAQnc1HRtAF247RBpLGFem5F,"['saber', 'sunny']"
USDTet,Tether USD (Wormhole from Ethereum),"{'sol': 'Dn4noZ5jgGfkntzcQSUZ8czkreiZ1ForXYoV2H8Dm7S1', 'terra': 'terra1ce06wkrdm4vl6t0hvc0g86rsy27pu8yadg3dva', 'bsc': '0x524bC91Dc82d6b90EF29F76A3ECAaBAffFD490Bc', 'matic': '0x9417669fBF23357D2774e9D421307bd5eA1006d2', 'oasis': '0xdC19A122e268128B5eE20366299fc7b5b199C8e3'}",0xdac17f958d2ee523a2206206994597c13d831ec7,tether,https://raw.githubusercontent.com/solana-labs/token-list/main/assets/mainnet/Es9vMFrzaCERmJfrF4H2FYD4KCoNkY11McCe8BenwNYB/logo.svg,,,terra1ce06wkrdm4vl6t0hvc0g86rsy27pu8yadg3dva,,0x524bC91Dc82d6b90EF29F76A3ECAaBAffFD490Bc,['pancakeswap'],0x9417669fBF23357D2774e9D421307bd5eA1006d2,['quickswap'],,,0xdC19A122e268128B5eE20366299fc7b5b199C8e3,['yuzu'],eth,Dn4noZ5jgGfkntzcQSUZ8czkreiZ1ForXYoV2H8Dm7S1,"['saber', 'mercurial', 'jupiter', 'sunny']"
WBTC,Wrapped BTC (Wormhole),"{'sol': '3NZ9JMVBmGAqocybic2c7LQCJScmgsAZ6vQqTDzcqmJh', 'terra': 'terra1aa7upykmmqqc63l924l5qfap8mrmx5rfdm0v55', 'matic': '0x5D49c278340655B56609FdF8976eb0612aF3a0C3'}",0x2260fac5e5542a773aa44fbcfedf7c193bc2c599,wrapped-bitcoin,https://etherscan.io/token/images/wbtc_28.png?v=1,,,terra1aa7upykmmqqc63l924l5qfap8mrmx5rfdm0v55,['loop'],,,0x5D49c278340655B56609FdF8976eb0612aF3a0C3,,,,,,eth,3NZ9JMVBmGAqocybic2c7LQCJScmgsAZ6vQqTDzcqmJh,
YFI,yearn.finance (Wormhole from Ethereum),{'sol': 'BXZX2JRJFjvKazM1ibeDFxgAngKExb74MRXzXKvgikxX'},0x0bc529c00C6401aEF6D220BE8C6Ea1667F6Ad93e,yearn-finance,,,,,,,,,,,,,,eth,BXZX2JRJFjvKazM1ibeDFxgAngKExb74MRXzXKvgikxX,['dexlab']
agEUR,agEUR (Wormhole),{'sol': 'CbNYA9n3927uXUukee2Hf4tm3xxkffJPPZvGazc2EAH1'},0x1a7e4e63778B4f12a199C062f3eFdD288afCBce8,ageur,https://raw.githubusercontent.com/solana-labs/token-list/main/assets/mainnet/CbNYA9n3927uXUukee2Hf4tm3xxkffJPPZvGazc2EAH1/logo.svg,,,,,,,,,,,,,eth,CbNYA9n3927uXUukee2Hf4tm3xxkffJPPZvGazc2EAH1,['saber']
gOHM,Governance OHM (Wormhole),"{'sol': 'FUGsN8H74WjRBBMfQWcf9Kk32gebA9VnNaGxqwcVvUW7', 'terra': 'terra1fpfn2kkr8mv390wx4dtpfk3vkjx9ch3thvykl3'}",0x0ab87046fbb341d058f17cbc4c1133f25a20a52f,governance-ohm,https://raw.githubusercontent.com/solana-labs/token-list/main/assets/mainnet/FUGsN8H74WjRBBMfQWcf9Kk32gebA9VnNaGxqwcVvUW7/logo.png,,,terra1fpfn2kkr8mv390wx4dtpfk3vkjx9ch3thvykl3,,,,,,,,,,eth,FUGsN8H74WjRBBMfQWcf9Kk32gebA9VnNaGxqwcVvUW7,
ibBTC,Interest Bearing Bitcoin (Wormhole),{'sol': 'Bzq68gAVedKqQkQbsM28yQ4LYpc2VComDUD9wJBywdTi'},0xc4e15973e6ff2a35cc804c2cf9d2a1b817a8b40f,interest-bearing-bitcoin,https://etherscan.io/token/images/badgeribtc_32.png,,,,,,,,,,,,,eth,Bzq68gAVedKqQkQbsM28yQ4LYpc2VComDUD9wJBywdTi,['saber']
stETH,Lido Staked Ether (Wormhole),"{'sol': 'H2mf9QNdU2Niq6QR7367Ua2trBsvscLyX5bz7R3Pw5sE', 'terra': 'terra1w7ywr6waxtjuvn5svk5wqydqpjj0q9ps7qct4d'}",0xae7ab96520de3a18e5e111b5eaab095312d7fe84,lido-staked-ether,https://raw.githubusercontent.com/solana-labs/token-list/main/assets/mainnet/H2mf9QNdU2Niq6QR7367Ua2trBsvscLyX5bz7R3Pw5sE/logo.png,,,terra1w7ywr6waxtjuvn5svk5wqydqpjj0q9ps7qct4d,,,,,,,,,,eth,H2mf9QNdU2Niq6QR7367Ua2trBsvscLyX5bz7R3Pw5sE,
BNB,Binance Coin (Wormhole),"{'sol': '9gP2kCy3wA1ctvYWQk75guqXuHfrEomqydHLtcTCqiLa', 'eth': '0x418D75f65a02b3D53B2418FB8E1fe493759c7605', 'terra': 'terra1cetg5wruw2wsdjp7j46rj44xdel00z006e9yg8', 'avax': '0x442F7f22b1EE2c842bEAFf52880d4573E9201158', 'matic': '0xecdcb5b88f8e3c15f95c720c51c71c9e2080525d'}",0xbb4CdB9CBd36B01bD1cBaEBF2De08d9173bc095c,binance-coin,https://raw.githubusercontent.com/solana-labs/token-list/main/assets/mainnet/9gP2kCy3wA1ctvYWQk75guqXuHfrEomqydHLtcTCqiLa/logo.png,0x418D75f65a02b3D53B2418FB8E1fe493759c7605,,terra1cetg5wruw2wsdjp7j46rj44xdel00z006e9yg8,,,,0xecdcb5b88f8e3c15f95c720c51c71c9e2080525d,['quickswap'],0x442F7f22b1EE2c842bEAFf52880d4573E9201158,,,,bsc,9gP2kCy3wA1ctvYWQk75guqXuHfrEomqydHLtcTCqiLa,"['mercurial', 'raydium', 'atrix', 'dexlab']"
BUSDbs,Binance USD (Wormhole from BSC),"{'sol': '5RpUwQ8wtdPCZHhu6MERp2RGrpobsbZ6MH5dDHkUjs2', 'eth': '0x7B4B0B9b024109D182dCF3831222fbdA81369423', 'terra': 'terra1skjr69exm6v8zellgjpaa2emhwutrk5a6dz7dd', 'avax': '0xA41a6c7E25DdD361343e8Cb8cFa579bbE5eEdb7a', 'matic': '0xa8d394fe7380b8ce6145d5f85e6ac22d4e91acde'}",0xe9e7cea3dedca5984780bafc599bd69add087d56,binance-usd,https://etherscan.io/token/images/binanceusd_32.png,0x7B4B0B9b024109D182dCF3831222fbdA81369423,['uniswap'],terra1skjr69exm6v8zellgjpaa2emhwutrk5a6dz7dd,,,,0xa8d394fe7380b8ce6145d5f85e6ac22d4e91acde,['quickswap'],0xA41a6c7E25DdD361343e8Cb8cFa579bbE5eEdb7a,,,,bsc,5RpUwQ8wtdPCZHhu6MERp2RGrpobsbZ6MH5dDHkUjs2,"['saber', 'mercurial', 'sunny']"
CAKE,PancakeSwap Token (Wormhole),"{'sol': 'J8LKx7pr9Zxh9nMhhT7X3EBmj5RzuhFrHKyJAe2F2i9S', 'eth': '0x7c8161545717a334f3196e765d9713f8042EF338', 'terra': 'terra1xvqlpjl2dxyel9qrp6qvtrg04xe3jh9cyxc6av', 'avax': '0x98a4d09036Cc5337810096b1D004109686E56Afc'}",0x0e09fabb73bd3ade0a17ecc321fd13a19e81ce82,pancakeswap,https://raw.githubusercontent.com/solana-labs/token-list/main/assets/mainnet/J8LKx7pr9Zxh9nMhhT7X3EBmj5RzuhFrHKyJAe2F2i9S/logo.png,0x7c8161545717a334f3196e765d9713f8042EF338,,terra1xvqlpjl2dxyel9qrp6qvtrg04xe3jh9cyxc6av,,,,,,0x98a4d09036Cc5337810096b1D004109686E56Afc,,,,bsc,J8LKx7pr9Zxh9nMhhT7X3EBmj5RzuhFrHKyJAe2F2i9S,
USDCbs,USD Coin (Wormhole from BSC),"{'sol': 'FCqfQSujuPxy6V42UvafBhsysWtEq1vhjfMN1PUbgaxA', 'eth': '0x7cd167B101D2808Cfd2C45d17b2E7EA9F46b74B6', 'terra': 'terra1yljlrxvkar0c6ujpvf8g57m5rpcwl7r032zyvu', 'avax': '0x6145E8a910aE937913426BF32De2b26039728ACF'}",0x8ac76a51cc950d9822d68b83fe1ad97b32cd580d,usd-coin,https://raw.githubusercontent.com/solana-labs/token-list/main/assets/mainnet/EPjFWdd5AufqSSqeM2qN1xzybapC8G4wEGGkZwyTDt1v/logo.png,0x7cd167B101D2808Cfd2C45d17b2E7EA9F46b74B6,,terra1yljlrxvkar0c6ujpvf8g57m5rpcwl7r032zyvu,,,,,,0x6145E8a910aE937913426BF32De2b26039728ACF,,,,bsc,FCqfQSujuPxy6V42UvafBhsysWtEq1vhjfMN1PUbgaxA,"['saber', 'mercurial', 'sunny']"
USDTbs,Tether USD (Wormhole from BSC),"{'sol': '8qJSyQprMC57TWKaYEmetUR3UUiTP2M3hXdcvFhkZdmv', 'eth': '0xDe60aDfDdAAbaAAC3dAFa57B26AcC91Cb63728c4', 'terra': 'terra1vlqeghv5mt5udh96kt5zxlh2wkh8q4kewkr0dd', 'avax': '0xA67BCC0D06d7d13A13A2AE30bF30f1B434f5a28B'}",0x55d398326f99059fF775485246999027B3197955,tether,https://raw.githubusercontent.com/solana-labs/token-list/main/assets/mainnet/Es9vMFrzaCERmJfrF4H2FYD4KCoNkY11McCe8BenwNYB/logo.svg,0xDe60aDfDdAAbaAAC3dAFa57B26AcC91Cb63728c4,,terra1vlqeghv5mt5udh96kt5zxlh2wkh8q4kewkr0dd,,,,,,0xA67BCC0D06d7d13A13A2AE30bF30f1B434f5a28B,,,,bsc,8qJSyQprMC57TWKaYEmetUR3UUiTP2M3hXdcvFhkZdmv,"['saber', 'mercurial']"
LUNA,LUNA (Wormhole),"{'sol': 'F6v4wfAdJB8D8p77bMXZgYt8TDKsYxLYxH5AFhUkYx9W', 'eth': '0xbd31ea8212119f94a611fa969881cba3ea06fa3d', 'bsc': '0x156ab3346823B651294766e23e6Cf87254d68962', 'matic': '0x9cd6746665D9557e1B9a775819625711d0693439', 'avax': '0x70928E5B188def72817b7775F0BF6325968e563B'}",uluna,terra-luna,https://raw.githubusercontent.com/solana-labs/token-list/main/assets/mainnet/F6v4wfAdJB8D8p77bMXZgYt8TDKsYxLYxH5AFhUkYx9W/logo.png,0xbd31ea8212119f94a611fa969881cba3ea06fa3d,['uniswap'],,,0x156ab3346823B651294766e23e6Cf87254d68962,,0x9cd6746665D9557e1B9a775819625711d0693439,['quickswap'],0x70928E5B188def72817b7775F0BF6325968e563B,,,,terra,F6v4wfAdJB8D8p77bMXZgYt8TDKsYxLYxH5AFhUkYx9W,"['saber', 'mercurial', 'sunny', 'atrix']"
UST,UST (Wormhole),"{'sol': '9vMJfxuKxXBoEa7rM12mYLMwTacLMLDJqHozw96WQL8i', 'eth': '0xa693B19d2931d498c5B318dF961919BB4aee87a5', 'bsc': '0x3d4350cD54aeF9f9b2C29435e0fa809957B3F30a', 'matic': '0xE6469Ba6D2fD6130788E0eA9C0a0515900563b59', 'avax': '0xb599c3590F42f8F995ECfa0f85D2980B76862fc1'}",uusd,terra-usd,https://raw.githubusercontent.com/solana-labs/token-list/main/assets/mainnet/9vMJfxuKxXBoEa7rM12mYLMwTacLMLDJqHozw96WQL8i/logo.png,0xa693B19d2931d498c5B318dF961919BB4aee87a5,"['curve', 'uniswap']",,,0x3d4350cD54aeF9f9b2C29435e0fa809957B3F30a,['pancakeswap'],0xE6469Ba6D2fD6130788E0eA9C0a0515900563b59,['quickswap'],0xb599c3590F42f8F995ECfa0f85D2980B76862fc1,['traderjoe'],,,terra,9vMJfxuKxXBoEa7rM12mYLMwTacLMLDJqHozw96WQL8i,"['saber', 'mercurial', 'jupiter', 'aldrin', 'sunny', 'apricot']"
MATICpo,MATIC (Wormhole from Polygon),"{'sol': 'Gz7VkD4MacbEB6yC5XD3HcumEiYx2EtDYYrfikGsvopG', 'eth': '0x7c9f4C87d911613Fe9ca58b579f737911AAD2D43', 'terra': 'terra1dtqlfecglk47yplfrtwjzyagkgcqqngd5lgjp8', 'bsc': '0xc836d8dC361E44DbE64c4862D55BA041F88Ddd39', 'avax': '0xf2f13f0B7008ab2FA4A2418F4ccC3684E49D20Eb'}",0x0d500b1d8e8ef31e21c99d1db9a6444d3adf1270,polygon,https://polygonscan.com/token/images/wMatic_32.png,0x7c9f4C87d911613Fe9ca58b579f737911AAD2D43,['uniswap'],terra1dtqlfecglk47yplfrtwjzyagkgcqqngd5lgjp8,,0xc836d8dC361E44DbE64c4862D55BA041F88Ddd39,['pancakeswap'],,,0xf2f13f0B7008ab2FA4A2418F4ccC3684E49D20Eb,,,,matic,Gz7VkD4MacbEB6yC5XD3HcumEiYx2EtDYYrfikGsvopG,['atrix']
USDCpo,USD Coin (PoS) (Wormhole from Polygon),"{'sol': 'E2VmbootbVCBkMNNxKQgCLMS1X3NoGMaYAsufaAsf7M', 'eth': '0x566957eF80F9fd5526CD2BEF8BE67035C0b81130', 'terra': 'terra1kkyyh7vganlpkj0gkc2rfmhy858ma4rtwywe3x', 'bsc': '0x672147dD47674757C457eB155BAA382cc10705Dd', 'avax': '0x543672E9CBEC728CBBa9C3Ccd99ed80aC3607FA8'}",0x2791bca1f2de4661ed88a30c99a7a9449aa84174,usd-coin,https://raw.githubusercontent.com/solana-labs/token-list/main/assets/mainnet/EPjFWdd5AufqSSqeM2qN1xzybapC8G4wEGGkZwyTDt1v/logo.png,0x566957eF80F9fd5526CD2BEF8BE67035C0b81130,['uniswap'],terra1kkyyh7vganlpkj0gkc2rfmhy858ma4rtwywe3x,,0x672147dD47674757C457eB155BAA382cc10705Dd,['pancakeswap'],,,0x543672E9CBEC728CBBa9C3Ccd99ed80aC3607FA8,,,,matic,E2VmbootbVCBkMNNxKQgCLMS1X3NoGMaYAsufaAsf7M,['saber']
USDTpo,Tether USD (PoS) (Wormhole from Polygon),{'sol': '5goWRao6a3yNC4d6UjMdQxonkCMvKBwdpubU3qhfcdf1'},0xc2132d05d31c914a87c6611c10748aeb04b58e8f,tether,https://raw.githubusercontent.com/solana-labs/token-list/main/assets/mainnet/Dn4noZ5jgGfkntzcQSUZ8czkreiZ1ForXYoV2H8Dm7S1/logo.png,,,,,,,,,,,,,matic,5goWRao6a3yNC4d6UjMdQxonkCMvKBwdpubU3qhfcdf1,['saber']
AVAX,AVAX (Wormhole),"{'sol': 'KgV1GvrHQmRBY8sHQQeUKwTm2r2h8t4C8qt12Cw1HVE', 'eth': '0x85f138bfEE4ef8e540890CFb48F620571d67Eda3', 'terra': 'terra1hj8de24c3yqvcsv9r8chr03fzwsak3hgd8gv3m', 'bsc': '0x96412902aa9aFf61E13f085e70D3152C6ef2a817', 'matic': '0x7Bb11E7f8b10E9e571E5d8Eace04735fDFB2358a'}",0xb31f66aa3c1e785363f0875a1b74e27b85fd66c7,avalanche,https://raw.githubusercontent.com/solana-labs/token-list/main/assets/mainnet/KgV1GvrHQmRBY8sHQQeUKwTm2r2h8t4C8qt12Cw1HVE/logo.png,0x85f138bfEE4ef8e540890CFb48F620571d67Eda3,,terra1hj8de24c3yqvcsv9r8chr03fzwsak3hgd8gv3m,,0x96412902aa9aFf61E13f085e70D3152C6ef2a817,,0x7Bb11E7f8b10E9e571E5d8Eace04735fDFB2358a,,,,,,avax,KgV1GvrHQmRBY8sHQQeUKwTm2r2h8t4C8qt12Cw1HVE,['atrix']
JOE,JoeToken (Wormhole),{'sol': 'CriXdFS9iRAYbGEQiTcUqbWwG9RBmYt5B6LwTnoJ61Sm'},0x6e84a6216ea6dacc71ee8e6b0a5b7322eebc0fdd,joe,https://raw.githubusercontent.com/solana-labs/token-list/main/assets/mainnet/CriXdFS9iRAYbGEQiTcUqbWwG9RBmYt5B6LwTnoJ61Sm/logo.png,,,,,,,,,,,,,avax,CriXdFS9iRAYbGEQiTcUqbWwG9RBmYt5B6LwTnoJ61Sm,
USDCav,USD Coin (Wormhole from Avalanche),{'terra': 'terra1pvel56a2hs93yd429pzv9zp5aptcjg5ulhkz7w'},0xa7d7079b0fead91f3e65f86e8915cb59c1a4c664,usd-coin,https://raw.githubusercontent.com/solana-labs/token-list/main/assets/mainnet/EPjFWdd5AufqSSqeM2qN1xzybapC8G4wEGGkZwyTDt1v/logo.png,,,terra1pvel56a2hs93yd429pzv9zp5aptcjg5ulhkz7w,,,,,,,,,,avax,,
ROSE,ROSE (Wormhole),{},0xE4F5F5910b347A5AEFd12745a98eEEA97F69180e,oasis-network,https://assets.coingecko.com/coins/images/13162/small/rose.png,,,,,,,,,,,,,oasis,,
